,0,1,2,3,4,5,6,7,8,9,10,11,12,13,14,15,16,17,18,19,20,21,22,23,24,25,26,27,28,29,30,31,32,33,34,35,36,37,38,39,40,41,42,43,44,45,46,47,48,49,50,51,52,53,54,55,56,57,58,59,60,61,62,63,64,65,66,67,68,69,70,71,72,73,74,75,76,77,78,79,80,81,82,83,84,85,86,87,88,89,90,91,92,93,94,95,96,97,98,99
0,0.0,-9.0,-82.0,-93.0,-44.0,-61.0,-42.0,-60.0,-44.0,-73.0,-54.0,-123.0,-40.0,-83.0,-40.0,-84.0,-117.0,-72.0,-84.0,-66.0,-56.0,-90.0,-11.0,-93.0,-38.0,-40.0,-94.0,-46.0,-25.0,-18.0,-3.0,-47.0,-79.0,-57.0,-37.0,-57.0,-75.0,-28.0,-88.0,-125.0,-110.0,-36.0,-57.0,-49.0,-95.0,-50.0,-48.0,-117.0,-67.0,-84.0,-64.0,-64.0,-39.0,-35.0,-125.0,-16.0,-125.0,-86.0,-41.0,-38.0,-16.0,-57.0,-103.0,-63.0,-41.0,-71.0,-84.0,-16.0,-22.0,-34.0,-25.0,-125.0,-72.0,-22.0,-99.0,-63.0,-125.0,-85.0,-61.0,-40.0,-48.0,-34.0,-66.0,-33.0,-117.0,-16.0,-99.0,-83.0,-51.0,-106.0,-60.0,-83.0,-43.0,-125.0,-70.0,-96.0,-34.0,-23.0,-66.0,-40.0
1,-9.0,0.0,-9.0,-9.0,-9.0,-9.0,-9.0,-9.0,-9.0,-9.0,-9.0,-9.0,-9.0,-9.0,-9.0,-9.0,-9.0,-9.0,-9.0,-9.0,-9.0,-9.0,-9.0,-9.0,-9.0,-9.0,-9.0,-9.0,-9.0,-9.0,-3.0,-9.0,-9.0,-9.0,-9.0,-9.0,-9.0,-9.0,-9.0,-9.0,-9.0,-9.0,-9.0,-9.0,-9.0,-9.0,-9.0,-9.0,-9.0,-9.0,-9.0,-9.0,-9.0,-9.0,-9.0,-9.0,-9.0,-9.0,-9.0,-9.0,-9.0,-9.0,-9.0,-9.0,-9.0,-9.0,-9.0,-9.0,-9.0,-9.0,-9.0,-9.0,-9.0,-9.0,-9.0,-9.0,-9.0,-9.0,-9.0,-9.0,-9.0,-9.0,-9.0,-9.0,-9.0,-9.0,-9.0,-9.0,-9.0,-9.0,-9.0,-9.0,-9.0,-9.0,-9.0,-9.0,-9.0,-9.0,-9.0,-9.0
2,-82.0,-9.0,0.0,-82.0,-44.0,-61.0,-42.0,-60.0,-44.0,-73.0,-54.0,-82.0,-40.0,-82.0,-40.0,-82.0,-82.0,-72.0,-82.0,-66.0,-56.0,-82.0,-11.0,-82.0,-38.0,-40.0,-82.0,-46.0,-25.0,-18.0,-3.0,-47.0,-79.0,-57.0,-37.0,-57.0,-75.0,-28.0,-82.0,-82.0,-82.0,-36.0,-57.0,-49.0,-82.0,-50.0,-48.0,-82.0,-67.0,-82.0,-64.0,-64.0,-39.0,-35.0,-82.0,-16.0,-82.0,-82.0,-41.0,-38.0,-16.0,-57.0,-82.0,-63.0,-41.0,-71.0,-82.0,-16.0,-22.0,-34.0,-25.0,-82.0,-72.0,-22.0,-82.0,-63.0,-82.0,-82.0,-61.0,-40.0,-48.0,-34.0,-66.0,-33.0,-82.0,-16.0,-82.0,-82.0,-51.0,-82.0,-60.0,-82.0,-43.0,-82.0,-70.0,-82.0,-34.0,-23.0,-66.0,-40.0
3,-93.0,-9.0,-82.0,0.0,-44.0,-61.0,-42.0,-60.0,-44.0,-73.0,-54.0,-93.0,-40.0,-83.0,-40.0,-84.0,-93.0,-72.0,-84.0,-66.0,-56.0,-90.0,-11.0,-93.0,-38.0,-40.0,-93.0,-46.0,-25.0,-18.0,-3.0,-47.0,-79.0,-57.0,-37.0,-57.0,-75.0,-28.0,-88.0,-93.0,-93.0,-36.0,-57.0,-49.0,-93.0,-50.0,-48.0,-93.0,-67.0,-84.0,-64.0,-64.0,-39.0,-35.0,-93.0,-16.0,-93.0,-86.0,-41.0,-38.0,-16.0,-57.0,-93.0,-63.0,-41.0,-71.0,-84.0,-16.0,-22.0,-34.0,-25.0,-93.0,-72.0,-22.0,-93.0,-63.0,-93.0,-85.0,-61.0,-40.0,-48.0,-34.0,-66.0,-33.0,-93.0,-16.0,-93.0,-83.0,-51.0,-93.0,-60.0,-83.0,-43.0,-93.0,-70.0,-93.0,-34.0,-23.0,-66.0,-40.0
4,-44.0,-9.0,-44.0,-44.0,0.0,-44.0,-42.0,-44.0,-44.0,-44.0,-44.0,-44.0,-40.0,-44.0,-40.0,-44.0,-44.0,-44.0,-44.0,-44.0,-44.0,-44.0,-11.0,-44.0,-38.0,-40.0,-44.0,-44.0,-25.0,-18.0,-3.0,-44.0,-44.0,-44.0,-37.0,-44.0,-44.0,-28.0,-44.0,-44.0,-44.0,-36.0,-44.0,-44.0,-44.0,-44.0,-44.0,-44.0,-44.0,-44.0,-44.0,-44.0,-39.0,-35.0,-44.0,-16.0,-44.0,-44.0,-41.0,-38.0,-16.0,-44.0,-44.0,-44.0,-41.0,-44.0,-44.0,-16.0,-22.0,-34.0,-25.0,-44.0,-44.0,-22.0,-44.0,-44.0,-44.0,-44.0,-44.0,-40.0,-44.0,-34.0,-44.0,-33.0,-44.0,-16.0,-44.0,-44.0,-44.0,-44.0,-44.0,-44.0,-43.0,-44.0,-44.0,-44.0,-34.0,-23.0,-44.0,-40.0
5,-61.0,-9.0,-61.0,-61.0,-44.0,0.0,-42.0,-60.0,-44.0,-61.0,-54.0,-61.0,-40.0,-61.0,-40.0,-61.0,-61.0,-61.0,-61.0,-61.0,-56.0,-61.0,-11.0,-61.0,-38.0,-40.0,-61.0,-46.0,-25.0,-18.0,-3.0,-47.0,-61.0,-57.0,-37.0,-57.0,-61.0,-28.0,-61.0,-61.0,-61.0,-36.0,-57.0,-49.0,-61.0,-50.0,-48.0,-61.0,-61.0,-61.0,-61.0,-61.0,-39.0,-35.0,-61.0,-16.0,-61.0,-61.0,-41.0,-38.0,-16.0,-57.0,-61.0,-61.0,-41.0,-61.0,-61.0,-16.0,-22.0,-34.0,-25.0,-61.0,-61.0,-22.0,-61.0,-61.0,-61.0,-61.0,-61.0,-40.0,-48.0,-34.0,-61.0,-33.0,-61.0,-16.0,-61.0,-61.0,-51.0,-61.0,-60.0,-61.0,-43.0,-61.0,-61.0,-61.0,-34.0,-23.0,-61.0,-40.0
6,-42.0,-9.0,-42.0,-42.0,-42.0,-42.0,0.0,-42.0,-42.0,-42.0,-42.0,-42.0,-40.0,-42.0,-40.0,-42.0,-42.0,-42.0,-42.0,-42.0,-42.0,-42.0,-11.0,-42.0,-38.0,-40.0,-42.0,-42.0,-25.0,-18.0,-3.0,-42.0,-42.0,-42.0,-37.0,-42.0,-42.0,-28.0,-42.0,-42.0,-42.0,-36.0,-42.0,-42.0,-42.0,-42.0,-42.0,-42.0,-42.0,-42.0,-42.0,-42.0,-39.0,-35.0,-42.0,-16.0,-42.0,-42.0,-41.0,-38.0,-16.0,-42.0,-42.0,-42.0,-41.0,-42.0,-42.0,-16.0,-22.0,-34.0,-25.0,-42.0,-42.0,-22.0,-42.0,-42.0,-42.0,-42.0,-42.0,-40.0,-42.0,-34.0,-42.0,-33.0,-42.0,-16.0,-42.0,-42.0,-42.0,-42.0,-42.0,-42.0,-42.0,-42.0,-42.0,-42.0,-34.0,-23.0,-42.0,-40.0
7,-60.0,-9.0,-60.0,-60.0,-44.0,-60.0,-42.0,0.0,-44.0,-60.0,-54.0,-60.0,-40.0,-60.0,-40.0,-60.0,-60.0,-60.0,-60.0,-60.0,-56.0,-60.0,-11.0,-60.0,-38.0,-40.0,-60.0,-46.0,-25.0,-18.0,-3.0,-47.0,-60.0,-57.0,-37.0,-57.0,-60.0,-28.0,-60.0,-60.0,-60.0,-36.0,-57.0,-49.0,-60.0,-50.0,-48.0,-60.0,-60.0,-60.0,-60.0,-60.0,-39.0,-35.0,-60.0,-16.0,-60.0,-60.0,-41.0,-38.0,-16.0,-57.0,-60.0,-60.0,-41.0,-60.0,-60.0,-16.0,-22.0,-34.0,-25.0,-60.0,-60.0,-22.0,-60.0,-60.0,-60.0,-60.0,-60.0,-40.0,-48.0,-34.0,-60.0,-33.0,-60.0,-16.0,-60.0,-60.0,-51.0,-60.0,-60.0,-60.0,-43.0,-60.0,-60.0,-60.0,-34.0,-23.0,-60.0,-40.0
8,-44.0,-9.0,-44.0,-44.0,-44.0,-44.0,-42.0,-44.0,0.0,-44.0,-44.0,-44.0,-40.0,-44.0,-40.0,-44.0,-44.0,-44.0,-44.0,-44.0,-44.0,-44.0,-11.0,-44.0,-38.0,-40.0,-44.0,-44.0,-25.0,-18.0,-3.0,-44.0,-44.0,-44.0,-37.0,-44.0,-44.0,-28.0,-44.0,-44.0,-44.0,-36.0,-44.0,-44.0,-44.0,-44.0,-44.0,-44.0,-44.0,-44.0,-44.0,-44.0,-39.0,-35.0,-44.0,-16.0,-44.0,-44.0,-41.0,-38.0,-16.0,-44.0,-44.0,-44.0,-41.0,-44.0,-44.0,-16.0,-22.0,-34.0,-25.0,-44.0,-44.0,-22.0,-44.0,-44.0,-44.0,-44.0,-44.0,-40.0,-44.0,-34.0,-44.0,-33.0,-44.0,-16.0,-44.0,-44.0,-44.0,-44.0,-44.0,-44.0,-43.0,-44.0,-44.0,-44.0,-34.0,-23.0,-44.0,-40.0
9,-73.0,-9.0,-73.0,-73.0,-44.0,-61.0,-42.0,-60.0,-44.0,0.0,-54.0,-73.0,-40.0,-73.0,-40.0,-73.0,-73.0,-72.0,-73.0,-66.0,-56.0,-73.0,-11.0,-73.0,-38.0,-40.0,-73.0,-46.0,-25.0,-18.0,-3.0,-47.0,-73.0,-57.0,-37.0,-57.0,-73.0,-28.0,-73.0,-73.0,-73.0,-36.0,-57.0,-49.0,-73.0,-50.0,-48.0,-73.0,-67.0,-73.0,-64.0,-64.0,-39.0,-35.0,-73.0,-16.0,-73.0,-73.0,-41.0,-38.0,-16.0,-57.0,-73.0,-63.0,-41.0,-71.0,-73.0,-16.0,-22.0,-34.0,-25.0,-73.0,-72.0,-22.0,-73.0,-63.0,-73.0,-73.0,-61.0,-40.0,-48.0,-34.0,-66.0,-33.0,-73.0,-16.0,-73.0,-73.0,-51.0,-73.0,-60.0,-73.0,-43.0,-73.0,-70.0,-73.0,-34.0,-23.0,-66.0,-40.0
10,-54.0,-9.0,-54.0,-54.0,-44.0,-54.0,-42.0,-54.0,-44.0,-54.0,0.0,-54.0,-40.0,-54.0,-40.0,-54.0,-54.0,-54.0,-54.0,-54.0,-54.0,-54.0,-11.0,-54.0,-38.0,-40.0,-54.0,-46.0,-25.0,-18.0,-3.0,-47.0,-54.0,-54.0,-37.0,-54.0,-54.0,-28.0,-54.0,-54.0,-54.0,-36.0,-54.0,-49.0,-54.0,-50.0,-48.0,-54.0,-54.0,-54.0,-54.0,-54.0,-39.0,-35.0,-54.0,-16.0,-54.0,-54.0,-41.0,-38.0,-16.0,-54.0,-54.0,-54.0,-41.0,-54.0,-54.0,-16.0,-22.0,-34.0,-25.0,-54.0,-54.0,-22.0,-54.0,-54.0,-54.0,-54.0,-54.0,-40.0,-48.0,-34.0,-54.0,-33.0,-54.0,-16.0,-54.0,-54.0,-51.0,-54.0,-54.0,-54.0,-43.0,-54.0,-54.0,-54.0,-34.0,-23.0,-54.0,-40.0
11,-123.0,-9.0,-82.0,-93.0,-44.0,-61.0,-42.0,-60.0,-44.0,-73.0,-54.0,0.0,-40.0,-83.0,-40.0,-84.0,-117.0,-72.0,-84.0,-66.0,-56.0,-90.0,-11.0,-93.0,-38.0,-40.0,-94.0,-46.0,-25.0,-18.0,-3.0,-47.0,-79.0,-57.0,-37.0,-57.0,-75.0,-28.0,-88.0,-123.0,-110.0,-36.0,-57.0,-49.0,-95.0,-50.0,-48.0,-117.0,-67.0,-84.0,-64.0,-64.0,-39.0,-35.0,-123.0,-16.0,-123.0,-86.0,-41.0,-38.0,-16.0,-57.0,-103.0,-63.0,-41.0,-71.0,-84.0,-16.0,-22.0,-34.0,-25.0,-123.0,-72.0,-22.0,-99.0,-63.0,-123.0,-85.0,-61.0,-40.0,-48.0,-34.0,-66.0,-33.0,-117.0,-16.0,-99.0,-83.0,-51.0,-106.0,-60.0,-83.0,-43.0,-123.0,-70.0,-96.0,-34.0,-23.0,-66.0,-40.0
12,-40.0,-9.0,-40.0,-40.0,-40.0,-40.0,-40.0,-40.0,-40.0,-40.0,-40.0,-40.0,0.0,-40.0,-40.0,-40.0,-40.0,-40.0,-40.0,-40.0,-40.0,-40.0,-11.0,-40.0,-38.0,-40.0,-40.0,-40.0,-25.0,-18.0,-3.0,-40.0,-40.0,-40.0,-37.0,-40.0,-40.0,-28.0,-40.0,-40.0,-40.0,-36.0,-40.0,-40.0,-40.0,-40.0,-40.0,-40.0,-40.0,-40.0,-40.0,-40.0,-39.0,-35.0,-40.0,-16.0,-40.0,-40.0,-40.0,-38.0,-16.0,-40.0,-40.0,-40.0,-40.0,-40.0,-40.0,-16.0,-22.0,-34.0,-25.0,-40.0,-40.0,-22.0,-40.0,-40.0,-40.0,-40.0,-40.0,-40.0,-40.0,-34.0,-40.0,-33.0,-40.0,-16.0,-40.0,-40.0,-40.0,-40.0,-40.0,-40.0,-40.0,-40.0,-40.0,-40.0,-34.0,-23.0,-40.0,-40.0
13,-83.0,-9.0,-82.0,-83.0,-44.0,-61.0,-42.0,-60.0,-44.0,-73.0,-54.0,-83.0,-40.0,0.0,-40.0,-83.0,-83.0,-72.0,-83.0,-66.0,-56.0,-83.0,-11.0,-83.0,-38.0,-40.0,-83.0,-46.0,-25.0,-18.0,-3.0,-47.0,-79.0,-57.0,-37.0,-57.0,-75.0,-28.0,-83.0,-83.0,-83.0,-36.0,-57.0,-49.0,-83.0,-50.0,-48.0,-83.0,-67.0,-83.0,-64.0,-64.0,-39.0,-35.0,-83.0,-16.0,-83.0,-83.0,-41.0,-38.0,-16.0,-57.0,-83.0,-63.0,-41.0,-71.0,-83.0,-16.0,-22.0,-34.0,-25.0,-83.0,-72.0,-22.0,-83.0,-63.0,-83.0,-83.0,-61.0,-40.0,-48.0,-34.0,-66.0,-33.0,-83.0,-16.0,-83.0,-83.0,-51.0,-83.0,-60.0,-83.0,-43.0,-83.0,-70.0,-83.0,-34.0,-23.0,-66.0,-40.0
14,-40.0,-9.0,-40.0,-40.0,-40.0,-40.0,-40.0,-40.0,-40.0,-40.0,-40.0,-40.0,-40.0,-40.0,0.0,-40.0,-40.0,-40.0,-40.0,-40.0,-40.0,-40.0,-11.0,-40.0,-38.0,-40.0,-40.0,-40.0,-25.0,-18.0,-3.0,-40.0,-40.0,-40.0,-37.0,-40.0,-40.0,-28.0,-40.0,-40.0,-40.0,-36.0,-40.0,-40.0,-40.0,-40.0,-40.0,-40.0,-40.0,-40.0,-40.0,-40.0,-39.0,-35.0,-40.0,-16.0,-40.0,-40.0,-40.0,-38.0,-16.0,-40.0,-40.0,-40.0,-40.0,-40.0,-40.0,-16.0,-22.0,-34.0,-25.0,-40.0,-40.0,-22.0,-40.0,-40.0,-40.0,-40.0,-40.0,-40.0,-40.0,-34.0,-40.0,-33.0,-40.0,-16.0,-40.0,-40.0,-40.0,-40.0,-40.0,-40.0,-40.0,-40.0,-40.0,-40.0,-34.0,-23.0,-40.0,-40.0
15,-84.0,-9.0,-82.0,-84.0,-44.0,-61.0,-42.0,-60.0,-44.0,-73.0,-54.0,-84.0,-40.0,-83.0,-40.0,0.0,-84.0,-72.0,-84.0,-66.0,-56.0,-84.0,-11.0,-84.0,-38.0,-40.0,-84.0,-46.0,-25.0,-18.0,-3.0,-47.0,-79.0,-57.0,-37.0,-57.0,-75.0,-28.0,-84.0,-84.0,-84.0,-36.0,-57.0,-49.0,-84.0,-50.0,-48.0,-84.0,-67.0,-84.0,-64.0,-64.0,-39.0,-35.0,-84.0,-16.0,-84.0,-84.0,-41.0,-38.0,-16.0,-57.0,-84.0,-63.0,-41.0,-71.0,-84.0,-16.0,-22.0,-34.0,-25.0,-84.0,-72.0,-22.0,-84.0,-63.0,-84.0,-84.0,-61.0,-40.0,-48.0,-34.0,-66.0,-33.0,-84.0,-16.0,-84.0,-83.0,-51.0,-84.0,-60.0,-83.0,-43.0,-84.0,-70.0,-84.0,-34.0,-23.0,-66.0,-40.0
16,-117.0,-9.0,-82.0,-93.0,-44.0,-61.0,-42.0,-60.0,-44.0,-73.0,-54.0,-117.0,-40.0,-83.0,-40.0,-84.0,0.0,-72.0,-84.0,-66.0,-56.0,-90.0,-11.0,-93.0,-38.0,-40.0,-94.0,-46.0,-25.0,-18.0,-3.0,-47.0,-79.0,-57.0,-37.0,-57.0,-75.0,-28.0,-88.0,-117.0,-110.0,-36.0,-57.0,-49.0,-95.0,-50.0,-48.0,-117.0,-67.0,-84.0,-64.0,-64.0,-39.0,-35.0,-117.0,-16.0,-117.0,-86.0,-41.0,-38.0,-16.0,-57.0,-103.0,-63.0,-41.0,-71.0,-84.0,-16.0,-22.0,-34.0,-25.0,-117.0,-72.0,-22.0,-99.0,-63.0,-117.0,-85.0,-61.0,-40.0,-48.0,-34.0,-66.0,-33.0,-117.0,-16.0,-99.0,-83.0,-51.0,-106.0,-60.0,-83.0,-43.0,-117.0,-70.0,-96.0,-34.0,-23.0,-66.0,-40.0
17,-72.0,-9.0,-72.0,-72.0,-44.0,-61.0,-42.0,-60.0,-44.0,-72.0,-54.0,-72.0,-40.0,-72.0,-40.0,-72.0,-72.0,0.0,-72.0,-66.0,-56.0,-72.0,-11.0,-72.0,-38.0,-40.0,-72.0,-46.0,-25.0,-18.0,-3.0,-47.0,-72.0,-57.0,-37.0,-57.0,-72.0,-28.0,-72.0,-72.0,-72.0,-36.0,-57.0,-49.0,-72.0,-50.0,-48.0,-72.0,-67.0,-72.0,-64.0,-64.0,-39.0,-35.0,-72.0,-16.0,-72.0,-72.0,-41.0,-38.0,-16.0,-57.0,-72.0,-63.0,-41.0,-71.0,-72.0,-16.0,-22.0,-34.0,-25.0,-72.0,-72.0,-22.0,-72.0,-63.0,-72.0,-72.0,-61.0,-40.0,-48.0,-34.0,-66.0,-33.0,-72.0,-16.0,-72.0,-72.0,-51.0,-72.0,-60.0,-72.0,-43.0,-72.0,-70.0,-72.0,-34.0,-23.0,-66.0,-40.0
18,-84.0,-9.0,-82.0,-84.0,-44.0,-61.0,-42.0,-60.0,-44.0,-73.0,-54.0,-84.0,-40.0,-83.0,-40.0,-84.0,-84.0,-72.0,0.0,-66.0,-56.0,-84.0,-11.0,-84.0,-38.0,-40.0,-84.0,-46.0,-25.0,-18.0,-3.0,-47.0,-79.0,-57.0,-37.0,-57.0,-75.0,-28.0,-84.0,-84.0,-84.0,-36.0,-57.0,-49.0,-84.0,-50.0,-48.0,-84.0,-67.0,-84.0,-64.0,-64.0,-39.0,-35.0,-84.0,-16.0,-84.0,-84.0,-41.0,-38.0,-16.0,-57.0,-84.0,-63.0,-41.0,-71.0,-84.0,-16.0,-22.0,-34.0,-25.0,-84.0,-72.0,-22.0,-84.0,-63.0,-84.0,-84.0,-61.0,-40.0,-48.0,-34.0,-66.0,-33.0,-84.0,-16.0,-84.0,-83.0,-51.0,-84.0,-60.0,-83.0,-43.0,-84.0,-70.0,-84.0,-34.0,-23.0,-66.0,-40.0
19,-66.0,-9.0,-66.0,-66.0,-44.0,-61.0,-42.0,-60.0,-44.0,-66.0,-54.0,-66.0,-40.0,-66.0,-40.0,-66.0,-66.0,-66.0,-66.0,0.0,-56.0,-66.0,-11.0,-66.0,-38.0,-40.0,-66.0,-46.0,-25.0,-18.0,-3.0,-47.0,-66.0,-57.0,-37.0,-57.0,-66.0,-28.0,-66.0,-66.0,-66.0,-36.0,-57.0,-49.0,-66.0,-50.0,-48.0,-66.0,-66.0,-66.0,-64.0,-64.0,-39.0,-35.0,-66.0,-16.0,-66.0,-66.0,-41.0,-38.0,-16.0,-57.0,-66.0,-63.0,-41.0,-66.0,-66.0,-16.0,-22.0,-34.0,-25.0,-66.0,-66.0,-22.0,-66.0,-63.0,-66.0,-66.0,-61.0,-40.0,-48.0,-34.0,-66.0,-33.0,-66.0,-16.0,-66.0,-66.0,-51.0,-66.0,-60.0,-66.0,-43.0,-66.0,-66.0,-66.0,-34.0,-23.0,-66.0,-40.0
20,-56.0,-9.0,-56.0,-56.0,-44.0,-56.0,-42.0,-56.0,-44.0,-56.0,-54.0,-56.0,-40.0,-56.0,-40.0,-56.0,-56.0,-56.0,-56.0,-56.0,0.0,-56.0,-11.0,-56.0,-38.0,-40.0,-56.0,-46.0,-25.0,-18.0,-3.0,-47.0,-56.0,-56.0,-37.0,-56.0,-56.0,-28.0,-56.0,-56.0,-56.0,-36.0,-56.0,-49.0,-56.0,-50.0,-48.0,-56.0,-56.0,-56.0,-56.0,-56.0,-39.0,-35.0,-56.0,-16.0,-56.0,-56.0,-41.0,-38.0,-16.0,-56.0,-56.0,-56.0,-41.0,-56.0,-56.0,-16.0,-22.0,-34.0,-25.0,-56.0,-56.0,-22.0,-56.0,-56.0,-56.0,-56.0,-56.0,-40.0,-48.0,-34.0,-56.0,-33.0,-56.0,-16.0,-56.0,-56.0,-51.0,-56.0,-56.0,-56.0,-43.0,-56.0,-56.0,-56.0,-34.0,-23.0,-56.0,-40.0
21,-90.0,-9.0,-82.0,-90.0,-44.0,-61.0,-42.0,-60.0,-44.0,-73.0,-54.0,-90.0,-40.0,-83.0,-40.0,-84.0,-90.0,-72.0,-84.0,-66.0,-56.0,0.0,-11.0,-90.0,-38.0,-40.0,-90.0,-46.0,-25.0,-18.0,-3.0,-47.0,-79.0,-57.0,-37.0,-57.0,-75.0,-28.0,-88.0,-90.0,-90.0,-36.0,-57.0,-49.0,-90.0,-50.0,-48.0,-90.0,-67.0,-84.0,-64.0,-64.0,-39.0,-35.0,-90.0,-16.0,-90.0,-86.0,-41.0,-38.0,-16.0,-57.0,-90.0,-63.0,-41.0,-71.0,-84.0,-16.0,-22.0,-34.0,-25.0,-90.0,-72.0,-22.0,-90.0,-63.0,-90.0,-85.0,-61.0,-40.0,-48.0,-34.0,-66.0,-33.0,-90.0,-16.0,-90.0,-83.0,-51.0,-90.0,-60.0,-83.0,-43.0,-90.0,-70.0,-90.0,-34.0,-23.0,-66.0,-40.0
22,-11.0,-9.0,-11.0,-11.0,-11.0,-11.0,-11.0,-11.0,-11.0,-11.0,-11.0,-11.0,-11.0,-11.0,-11.0,-11.0,-11.0,-11.0,-11.0,-11.0,-11.0,-11.0,0.0,-11.0,-11.0,-11.0,-11.0,-11.0,-11.0,-11.0,-3.0,-11.0,-11.0,-11.0,-11.0,-11.0,-11.0,-11.0,-11.0,-11.0,-11.0,-11.0,-11.0,-11.0,-11.0,-11.0,-11.0,-11.0,-11.0,-11.0,-11.0,-11.0,-11.0,-11.0,-11.0,-11.0,-11.0,-11.0,-11.0,-11.0,-11.0,-11.0,-11.0,-11.0,-11.0,-11.0,-11.0,-11.0,-11.0,-11.0,-11.0,-11.0,-11.0,-11.0,-11.0,-11.0,-11.0,-11.0,-11.0,-11.0,-11.0,-11.0,-11.0,-11.0,-11.0,-11.0,-11.0,-11.0,-11.0,-11.0,-11.0,-11.0,-11.0,-11.0,-11.0,-11.0,-11.0,-11.0,-11.0,-11.0
23,-93.0,-9.0,-82.0,-93.0,-44.0,-61.0,-42.0,-60.0,-44.0,-73.0,-54.0,-93.0,-40.0,-83.0,-40.0,-84.0,-93.0,-72.0,-84.0,-66.0,-56.0,-90.0,-11.0,0.0,-38.0,-40.0,-93.0,-46.0,-25.0,-18.0,-3.0,-47.0,-79.0,-57.0,-37.0,-57.0,-75.0,-28.0,-88.0,-93.0,-93.0,-36.0,-57.0,-49.0,-93.0,-50.0,-48.0,-93.0,-67.0,-84.0,-64.0,-64.0,-39.0,-35.0,-93.0,-16.0,-93.0,-86.0,-41.0,-38.0,-16.0,-57.0,-93.0,-63.0,-41.0,-71.0,-84.0,-16.0,-22.0,-34.0,-25.0,-93.0,-72.0,-22.0,-93.0,-63.0,-93.0,-85.0,-61.0,-40.0,-48.0,-34.0,-66.0,-33.0,-93.0,-16.0,-93.0,-83.0,-51.0,-93.0,-60.0,-83.0,-43.0,-93.0,-70.0,-93.0,-34.0,-23.0,-66.0,-40.0
24,-38.0,-9.0,-38.0,-38.0,-38.0,-38.0,-38.0,-38.0,-38.0,-38.0,-38.0,-38.0,-38.0,-38.0,-38.0,-38.0,-38.0,-38.0,-38.0,-38.0,-38.0,-38.0,-11.0,-38.0,0.0,-38.0,-38.0,-38.0,-25.0,-18.0,-3.0,-38.0,-38.0,-38.0,-37.0,-38.0,-38.0,-28.0,-38.0,-38.0,-38.0,-36.0,-38.0,-38.0,-38.0,-38.0,-38.0,-38.0,-38.0,-38.0,-38.0,-38.0,-38.0,-35.0,-38.0,-16.0,-38.0,-38.0,-38.0,-38.0,-16.0,-38.0,-38.0,-38.0,-38.0,-38.0,-38.0,-16.0,-22.0,-34.0,-25.0,-38.0,-38.0,-22.0,-38.0,-38.0,-38.0,-38.0,-38.0,-38.0,-38.0,-34.0,-38.0,-33.0,-38.0,-16.0,-38.0,-38.0,-38.0,-38.0,-38.0,-38.0,-38.0,-38.0,-38.0,-38.0,-34.0,-23.0,-38.0,-38.0
25,-40.0,-9.0,-40.0,-40.0,-40.0,-40.0,-40.0,-40.0,-40.0,-40.0,-40.0,-40.0,-40.0,-40.0,-40.0,-40.0,-40.0,-40.0,-40.0,-40.0,-40.0,-40.0,-11.0,-40.0,-38.0,0.0,-40.0,-40.0,-25.0,-18.0,-3.0,-40.0,-40.0,-40.0,-37.0,-40.0,-40.0,-28.0,-40.0,-40.0,-40.0,-36.0,-40.0,-40.0,-40.0,-40.0,-40.0,-40.0,-40.0,-40.0,-40.0,-40.0,-39.0,-35.0,-40.0,-16.0,-40.0,-40.0,-40.0,-38.0,-16.0,-40.0,-40.0,-40.0,-40.0,-40.0,-40.0,-16.0,-22.0,-34.0,-25.0,-40.0,-40.0,-22.0,-40.0,-40.0,-40.0,-40.0,-40.0,-40.0,-40.0,-34.0,-40.0,-33.0,-40.0,-16.0,-40.0,-40.0,-40.0,-40.0,-40.0,-40.0,-40.0,-40.0,-40.0,-40.0,-34.0,-23.0,-40.0,-40.0
26,-94.0,-9.0,-82.0,-93.0,-44.0,-61.0,-42.0,-60.0,-44.0,-73.0,-54.0,-94.0,-40.0,-83.0,-40.0,-84.0,-94.0,-72.0,-84.0,-66.0,-56.0,-90.0,-11.0,-93.0,-38.0,-40.0,0.0,-46.0,-25.0,-18.0,-3.0,-47.0,-79.0,-57.0,-37.0,-57.0,-75.0,-28.0,-88.0,-94.0,-94.0,-36.0,-57.0,-49.0,-94.0,-50.0,-48.0,-94.0,-67.0,-84.0,-64.0,-64.0,-39.0,-35.0,-94.0,-16.0,-94.0,-86.0,-41.0,-38.0,-16.0,-57.0,-94.0,-63.0,-41.0,-71.0,-84.0,-16.0,-22.0,-34.0,-25.0,-94.0,-72.0,-22.0,-94.0,-63.0,-94.0,-85.0,-61.0,-40.0,-48.0,-34.0,-66.0,-33.0,-94.0,-16.0,-94.0,-83.0,-51.0,-94.0,-60.0,-83.0,-43.0,-94.0,-70.0,-94.0,-34.0,-23.0,-66.0,-40.0
27,-46.0,-9.0,-46.0,-46.0,-44.0,-46.0,-42.0,-46.0,-44.0,-46.0,-46.0,-46.0,-40.0,-46.0,-40.0,-46.0,-46.0,-46.0,-46.0,-46.0,-46.0,-46.0,-11.0,-46.0,-38.0,-40.0,-46.0,0.0,-25.0,-18.0,-3.0,-46.0,-46.0,-46.0,-37.0,-46.0,-46.0,-28.0,-46.0,-46.0,-46.0,-36.0,-46.0,-46.0,-46.0,-46.0,-46.0,-46.0,-46.0,-46.0,-46.0,-46.0,-39.0,-35.0,-46.0,-16.0,-46.0,-46.0,-41.0,-38.0,-16.0,-46.0,-46.0,-46.0,-41.0,-46.0,-46.0,-16.0,-22.0,-34.0,-25.0,-46.0,-46.0,-22.0,-46.0,-46.0,-46.0,-46.0,-46.0,-40.0,-46.0,-34.0,-46.0,-33.0,-46.0,-16.0,-46.0,-46.0,-46.0,-46.0,-46.0,-46.0,-43.0,-46.0,-46.0,-46.0,-34.0,-23.0,-46.0,-40.0
28,-25.0,-9.0,-25.0,-25.0,-25.0,-25.0,-25.0,-25.0,-25.0,-25.0,-25.0,-25.0,-25.0,-25.0,-25.0,-25.0,-25.0,-25.0,-25.0,-25.0,-25.0,-25.0,-11.0,-25.0,-25.0,-25.0,-25.0,-25.0,0.0,-18.0,-3.0,-25.0,-25.0,-25.0,-25.0,-25.0,-25.0,-25.0,-25.0,-25.0,-25.0,-25.0,-25.0,-25.0,-25.0,-25.0,-25.0,-25.0,-25.0,-25.0,-25.0,-25.0,-25.0,-25.0,-25.0,-16.0,-25.0,-25.0,-25.0,-25.0,-16.0,-25.0,-25.0,-25.0,-25.0,-25.0,-25.0,-16.0,-22.0,-25.0,-25.0,-25.0,-25.0,-22.0,-25.0,-25.0,-25.0,-25.0,-25.0,-25.0,-25.0,-25.0,-25.0,-25.0,-25.0,-16.0,-25.0,-25.0,-25.0,-25.0,-25.0,-25.0,-25.0,-25.0,-25.0,-25.0,-25.0,-23.0,-25.0,-25.0
29,-18.0,-9.0,-18.0,-18.0,-18.0,-18.0,-18.0,-18.0,-18.0,-18.0,-18.0,-18.0,-18.0,-18.0,-18.0,-18.0,-18.0,-18.0,-18.0,-18.0,-18.0,-18.0,-11.0,-18.0,-18.0,-18.0,-18.0,-18.0,-18.0,0.0,-3.0,-18.0,-18.0,-18.0,-18.0,-18.0,-18.0,-18.0,-18.0,-18.0,-18.0,-18.0,-18.0,-18.0,-18.0,-18.0,-18.0,-18.0,-18.0,-18.0,-18.0,-18.0,-18.0,-18.0,-18.0,-16.0,-18.0,-18.0,-18.0,-18.0,-16.0,-18.0,-18.0,-18.0,-18.0,-18.0,-18.0,-16.0,-18.0,-18.0,-18.0,-18.0,-18.0,-18.0,-18.0,-18.0,-18.0,-18.0,-18.0,-18.0,-18.0,-18.0,-18.0,-18.0,-18.0,-16.0,-18.0,-18.0,-18.0,-18.0,-18.0,-18.0,-18.0,-18.0,-18.0,-18.0,-18.0,-18.0,-18.0,-18.0
30,-3.0,-3.0,-3.0,-3.0,-3.0,-3.0,-3.0,-3.0,-3.0,-3.0,-3.0,-3.0,-3.0,-3.0,-3.0,-3.0,-3.0,-3.0,-3.0,-3.0,-3.0,-3.0,-3.0,-3.0,-3.0,-3.0,-3.0,-3.0,-3.0,-3.0,0.0,-3.0,-3.0,-3.0,-3.0,-3.0,-3.0,-3.0,-3.0,-3.0,-3.0,-3.0,-3.0,-3.0,-3.0,-3.0,-3.0,-3.0,-3.0,-3.0,-3.0,-3.0,-3.0,-3.0,-3.0,-3.0,-3.0,-3.0,-3.0,-3.0,-3.0,-3.0,-3.0,-3.0,-3.0,-3.0,-3.0,-3.0,-3.0,-3.0,-3.0,-3.0,-3.0,-3.0,-3.0,-3.0,-3.0,-3.0,-3.0,-3.0,-3.0,-3.0,-3.0,-3.0,-3.0,-3.0,-3.0,-3.0,-3.0,-3.0,-3.0,-3.0,-3.0,-3.0,-3.0,-3.0,-3.0,-3.0,-3.0,-3.0
31,-47.0,-9.0,-47.0,-47.0,-44.0,-47.0,-42.0,-47.0,-44.0,-47.0,-47.0,-47.0,-40.0,-47.0,-40.0,-47.0,-47.0,-47.0,-47.0,-47.0,-47.0,-47.0,-11.0,-47.0,-38.0,-40.0,-47.0,-46.0,-25.0,-18.0,-3.0,0.0,-47.0,-47.0,-37.0,-47.0,-47.0,-28.0,-47.0,-47.0,-47.0,-36.0,-47.0,-47.0,-47.0,-47.0,-47.0,-47.0,-47.0,-47.0,-47.0,-47.0,-39.0,-35.0,-47.0,-16.0,-47.0,-47.0,-41.0,-38.0,-16.0,-47.0,-47.0,-47.0,-41.0,-47.0,-47.0,-16.0,-22.0,-34.0,-25.0,-47.0,-47.0,-22.0,-47.0,-47.0,-47.0,-47.0,-47.0,-40.0,-47.0,-34.0,-47.0,-33.0,-47.0,-16.0,-47.0,-47.0,-47.0,-47.0,-47.0,-47.0,-43.0,-47.0,-47.0,-47.0,-34.0,-23.0,-47.0,-40.0
32,-79.0,-9.0,-79.0,-79.0,-44.0,-61.0,-42.0,-60.0,-44.0,-73.0,-54.0,-79.0,-40.0,-79.0,-40.0,-79.0,-79.0,-72.0,-79.0,-66.0,-56.0,-79.0,-11.0,-79.0,-38.0,-40.0,-79.0,-46.0,-25.0,-18.0,-3.0,-47.0,0.0,-57.0,-37.0,-57.0,-75.0,-28.0,-79.0,-79.0,-79.0,-36.0,-57.0,-49.0,-79.0,-50.0,-48.0,-79.0,-67.0,-79.0,-64.0,-64.0,-39.0,-35.0,-79.0,-16.0,-79.0,-79.0,-41.0,-38.0,-16.0,-57.0,-79.0,-63.0,-41.0,-71.0,-79.0,-16.0,-22.0,-34.0,-25.0,-79.0,-72.0,-22.0,-79.0,-63.0,-79.0,-79.0,-61.0,-40.0,-48.0,-34.0,-66.0,-33.0,-79.0,-16.0,-79.0,-79.0,-51.0,-79.0,-60.0,-79.0,-43.0,-79.0,-70.0,-79.0,-34.0,-23.0,-66.0,-40.0
33,-57.0,-9.0,-57.0,-57.0,-44.0,-57.0,-42.0,-57.0,-44.0,-57.0,-54.0,-57.0,-40.0,-57.0,-40.0,-57.0,-57.0,-57.0,-57.0,-57.0,-56.0,-57.0,-11.0,-57.0,-38.0,-40.0,-57.0,-46.0,-25.0,-18.0,-3.0,-47.0,-57.0,0.0,-37.0,-57.0,-57.0,-28.0,-57.0,-57.0,-57.0,-36.0,-57.0,-49.0,-57.0,-50.0,-48.0,-57.0,-57.0,-57.0,-57.0,-57.0,-39.0,-35.0,-57.0,-16.0,-57.0,-57.0,-41.0,-38.0,-16.0,-57.0,-57.0,-57.0,-41.0,-57.0,-57.0,-16.0,-22.0,-34.0,-25.0,-57.0,-57.0,-22.0,-57.0,-57.0,-57.0,-57.0,-57.0,-40.0,-48.0,-34.0,-57.0,-33.0,-57.0,-16.0,-57.0,-57.0,-51.0,-57.0,-57.0,-57.0,-43.0,-57.0,-57.0,-57.0,-34.0,-23.0,-57.0,-40.0
34,-37.0,-9.0,-37.0,-37.0,-37.0,-37.0,-37.0,-37.0,-37.0,-37.0,-37.0,-37.0,-37.0,-37.0,-37.0,-37.0,-37.0,-37.0,-37.0,-37.0,-37.0,-37.0,-11.0,-37.0,-37.0,-37.0,-37.0,-37.0,-25.0,-18.0,-3.0,-37.0,-37.0,-37.0,0.0,-37.0,-37.0,-28.0,-37.0,-37.0,-37.0,-36.0,-37.0,-37.0,-37.0,-37.0,-37.0,-37.0,-37.0,-37.0,-37.0,-37.0,-37.0,-35.0,-37.0,-16.0,-37.0,-37.0,-37.0,-37.0,-16.0,-37.0,-37.0,-37.0,-37.0,-37.0,-37.0,-16.0,-22.0,-34.0,-25.0,-37.0,-37.0,-22.0,-37.0,-37.0,-37.0,-37.0,-37.0,-37.0,-37.0,-34.0,-37.0,-33.0,-37.0,-16.0,-37.0,-37.0,-37.0,-37.0,-37.0,-37.0,-37.0,-37.0,-37.0,-37.0,-34.0,-23.0,-37.0,-37.0
35,-57.0,-9.0,-57.0,-57.0,-44.0,-57.0,-42.0,-57.0,-44.0,-57.0,-54.0,-57.0,-40.0,-57.0,-40.0,-57.0,-57.0,-57.0,-57.0,-57.0,-56.0,-57.0,-11.0,-57.0,-38.0,-40.0,-57.0,-46.0,-25.0,-18.0,-3.0,-47.0,-57.0,-57.0,-37.0,0.0,-57.0,-28.0,-57.0,-57.0,-57.0,-36.0,-57.0,-49.0,-57.0,-50.0,-48.0,-57.0,-57.0,-57.0,-57.0,-57.0,-39.0,-35.0,-57.0,-16.0,-57.0,-57.0,-41.0,-38.0,-16.0,-57.0,-57.0,-57.0,-41.0,-57.0,-57.0,-16.0,-22.0,-34.0,-25.0,-57.0,-57.0,-22.0,-57.0,-57.0,-57.0,-57.0,-57.0,-40.0,-48.0,-34.0,-57.0,-33.0,-57.0,-16.0,-57.0,-57.0,-51.0,-57.0,-57.0,-57.0,-43.0,-57.0,-57.0,-57.0,-34.0,-23.0,-57.0,-40.0
36,-75.0,-9.0,-75.0,-75.0,-44.0,-61.0,-42.0,-60.0,-44.0,-73.0,-54.0,-75.0,-40.0,-75.0,-40.0,-75.0,-75.0,-72.0,-75.0,-66.0,-56.0,-75.0,-11.0,-75.0,-38.0,-40.0,-75.0,-46.0,-25.0,-18.0,-3.0,-47.0,-75.0,-57.0,-37.0,-57.0,0.0,-28.0,-75.0,-75.0,-75.0,-36.0,-57.0,-49.0,-75.0,-50.0,-48.0,-75.0,-67.0,-75.0,-64.0,-64.0,-39.0,-35.0,-75.0,-16.0,-75.0,-75.0,-41.0,-38.0,-16.0,-57.0,-75.0,-63.0,-41.0,-71.0,-75.0,-16.0,-22.0,-34.0,-25.0,-75.0,-72.0,-22.0,-75.0,-63.0,-75.0,-75.0,-61.0,-40.0,-48.0,-34.0,-66.0,-33.0,-75.0,-16.0,-75.0,-75.0,-51.0,-75.0,-60.0,-75.0,-43.0,-75.0,-70.0,-75.0,-34.0,-23.0,-66.0,-40.0
37,-28.0,-9.0,-28.0,-28.0,-28.0,-28.0,-28.0,-28.0,-28.0,-28.0,-28.0,-28.0,-28.0,-28.0,-28.0,-28.0,-28.0,-28.0,-28.0,-28.0,-28.0,-28.0,-11.0,-28.0,-28.0,-28.0,-28.0,-28.0,-25.0,-18.0,-3.0,-28.0,-28.0,-28.0,-28.0,-28.0,-28.0,0.0,-28.0,-28.0,-28.0,-28.0,-28.0,-28.0,-28.0,-28.0,-28.0,-28.0,-28.0,-28.0,-28.0,-28.0,-28.0,-28.0,-28.0,-16.0,-28.0,-28.0,-28.0,-28.0,-16.0,-28.0,-28.0,-28.0,-28.0,-28.0,-28.0,-16.0,-22.0,-28.0,-25.0,-28.0,-28.0,-22.0,-28.0,-28.0,-28.0,-28.0,-28.0,-28.0,-28.0,-28.0,-28.0,-28.0,-28.0,-16.0,-28.0,-28.0,-28.0,-28.0,-28.0,-28.0,-28.0,-28.0,-28.0,-28.0,-28.0,-23.0,-28.0,-28.0
38,-88.0,-9.0,-82.0,-88.0,-44.0,-61.0,-42.0,-60.0,-44.0,-73.0,-54.0,-88.0,-40.0,-83.0,-40.0,-84.0,-88.0,-72.0,-84.0,-66.0,-56.0,-88.0,-11.0,-88.0,-38.0,-40.0,-88.0,-46.0,-25.0,-18.0,-3.0,-47.0,-79.0,-57.0,-37.0,-57.0,-75.0,-28.0,0.0,-88.0,-88.0,-36.0,-57.0,-49.0,-88.0,-50.0,-48.0,-88.0,-67.0,-84.0,-64.0,-64.0,-39.0,-35.0,-88.0,-16.0,-88.0,-86.0,-41.0,-38.0,-16.0,-57.0,-88.0,-63.0,-41.0,-71.0,-84.0,-16.0,-22.0,-34.0,-25.0,-88.0,-72.0,-22.0,-88.0,-63.0,-88.0,-85.0,-61.0,-40.0,-48.0,-34.0,-66.0,-33.0,-88.0,-16.0,-88.0,-83.0,-51.0,-88.0,-60.0,-83.0,-43.0,-88.0,-70.0,-88.0,-34.0,-23.0,-66.0,-40.0
39,-125.0,-9.0,-82.0,-93.0,-44.0,-61.0,-42.0,-60.0,-44.0,-73.0,-54.0,-123.0,-40.0,-83.0,-40.0,-84.0,-117.0,-72.0,-84.0,-66.0,-56.0,-90.0,-11.0,-93.0,-38.0,-40.0,-94.0,-46.0,-25.0,-18.0,-3.0,-47.0,-79.0,-57.0,-37.0,-57.0,-75.0,-28.0,-88.0,0.0,-110.0,-36.0,-57.0,-49.0,-95.0,-50.0,-48.0,-117.0,-67.0,-84.0,-64.0,-64.0,-39.0,-35.0,-132.0,-16.0,-125.0,-86.0,-41.0,-38.0,-16.0,-57.0,-103.0,-63.0,-41.0,-71.0,-84.0,-16.0,-22.0,-34.0,-25.0,-160.0,-72.0,-22.0,-99.0,-63.0,-160.0,-85.0,-61.0,-40.0,-48.0,-34.0,-66.0,-33.0,-117.0,-16.0,-99.0,-83.0,-51.0,-106.0,-60.0,-83.0,-43.0,-131.0,-70.0,-96.0,-34.0,-23.0,-66.0,-40.0
40,-110.0,-9.0,-82.0,-93.0,-44.0,-61.0,-42.0,-60.0,-44.0,-73.0,-54.0,-110.0,-40.0,-83.0,-40.0,-84.0,-110.0,-72.0,-84.0,-66.0,-56.0,-90.0,-11.0,-93.0,-38.0,-40.0,-94.0,-46.0,-25.0,-18.0,-3.0,-47.0,-79.0,-57.0,-37.0,-57.0,-75.0,-28.0,-88.0,-110.0,0.0,-36.0,-57.0,-49.0,-95.0,-50.0,-48.0,-110.0,-67.0,-84.0,-64.0,-64.0,-39.0,-35.0,-110.0,-16.0,-110.0,-86.0,-41.0,-38.0,-16.0,-57.0,-103.0,-63.0,-41.0,-71.0,-84.0,-16.0,-22.0,-34.0,-25.0,-110.0,-72.0,-22.0,-99.0,-63.0,-110.0,-85.0,-61.0,-40.0,-48.0,-34.0,-66.0,-33.0,-110.0,-16.0,-99.0,-83.0,-51.0,-106.0,-60.0,-83.0,-43.0,-110.0,-70.0,-96.0,-34.0,-23.0,-66.0,-40.0
41,-36.0,-9.0,-36.0,-36.0,-36.0,-36.0,-36.0,-36.0,-36.0,-36.0,-36.0,-36.0,-36.0,-36.0,-36.0,-36.0,-36.0,-36.0,-36.0,-36.0,-36.0,-36.0,-11.0,-36.0,-36.0,-36.0,-36.0,-36.0,-25.0,-18.0,-3.0,-36.0,-36.0,-36.0,-36.0,-36.0,-36.0,-28.0,-36.0,-36.0,-36.0,0.0,-36.0,-36.0,-36.0,-36.0,-36.0,-36.0,-36.0,-36.0,-36.0,-36.0,-36.0,-35.0,-36.0,-16.0,-36.0,-36.0,-36.0,-36.0,-16.0,-36.0,-36.0,-36.0,-36.0,-36.0,-36.0,-16.0,-22.0,-34.0,-25.0,-36.0,-36.0,-22.0,-36.0,-36.0,-36.0,-36.0,-36.0,-36.0,-36.0,-34.0,-36.0,-33.0,-36.0,-16.0,-36.0,-36.0,-36.0,-36.0,-36.0,-36.0,-36.0,-36.0,-36.0,-36.0,-34.0,-23.0,-36.0,-36.0
42,-57.0,-9.0,-57.0,-57.0,-44.0,-57.0,-42.0,-57.0,-44.0,-57.0,-54.0,-57.0,-40.0,-57.0,-40.0,-57.0,-57.0,-57.0,-57.0,-57.0,-56.0,-57.0,-11.0,-57.0,-38.0,-40.0,-57.0,-46.0,-25.0,-18.0,-3.0,-47.0,-57.0,-57.0,-37.0,-57.0,-57.0,-28.0,-57.0,-57.0,-57.0,-36.0,0.0,-49.0,-57.0,-50.0,-48.0,-57.0,-57.0,-57.0,-57.0,-57.0,-39.0,-35.0,-57.0,-16.0,-57.0,-57.0,-41.0,-38.0,-16.0,-57.0,-57.0,-57.0,-41.0,-57.0,-57.0,-16.0,-22.0,-34.0,-25.0,-57.0,-57.0,-22.0,-57.0,-57.0,-57.0,-57.0,-57.0,-40.0,-48.0,-34.0,-57.0,-33.0,-57.0,-16.0,-57.0,-57.0,-51.0,-57.0,-57.0,-57.0,-43.0,-57.0,-57.0,-57.0,-34.0,-23.0,-57.0,-40.0
43,-49.0,-9.0,-49.0,-49.0,-44.0,-49.0,-42.0,-49.0,-44.0,-49.0,-49.0,-49.0,-40.0,-49.0,-40.0,-49.0,-49.0,-49.0,-49.0,-49.0,-49.0,-49.0,-11.0,-49.0,-38.0,-40.0,-49.0,-46.0,-25.0,-18.0,-3.0,-47.0,-49.0,-49.0,-37.0,-49.0,-49.0,-28.0,-49.0,-49.0,-49.0,-36.0,-49.0,0.0,-49.0,-49.0,-48.0,-49.0,-49.0,-49.0,-49.0,-49.0,-39.0,-35.0,-49.0,-16.0,-49.0,-49.0,-41.0,-38.0,-16.0,-49.0,-49.0,-49.0,-41.0,-49.0,-49.0,-16.0,-22.0,-34.0,-25.0,-49.0,-49.0,-22.0,-49.0,-49.0,-49.0,-49.0,-49.0,-40.0,-48.0,-34.0,-49.0,-33.0,-49.0,-16.0,-49.0,-49.0,-49.0,-49.0,-49.0,-49.0,-43.0,-49.0,-49.0,-49.0,-34.0,-23.0,-49.0,-40.0
44,-95.0,-9.0,-82.0,-93.0,-44.0,-61.0,-42.0,-60.0,-44.0,-73.0,-54.0,-95.0,-40.0,-83.0,-40.0,-84.0,-95.0,-72.0,-84.0,-66.0,-56.0,-90.0,-11.0,-93.0,-38.0,-40.0,-94.0,-46.0,-25.0,-18.0,-3.0,-47.0,-79.0,-57.0,-37.0,-57.0,-75.0,-28.0,-88.0,-95.0,-95.0,-36.0,-57.0,-49.0,0.0,-50.0,-48.0,-95.0,-67.0,-84.0,-64.0,-64.0,-39.0,-35.0,-95.0,-16.0,-95.0,-86.0,-41.0,-38.0,-16.0,-57.0,-95.0,-63.0,-41.0,-71.0,-84.0,-16.0,-22.0,-34.0,-25.0,-95.0,-72.0,-22.0,-95.0,-63.0,-95.0,-85.0,-61.0,-40.0,-48.0,-34.0,-66.0,-33.0,-95.0,-16.0,-95.0,-83.0,-51.0,-95.0,-60.0,-83.0,-43.0,-95.0,-70.0,-95.0,-34.0,-23.0,-66.0,-40.0
45,-50.0,-9.0,-50.0,-50.0,-44.0,-50.0,-42.0,-50.0,-44.0,-50.0,-50.0,-50.0,-40.0,-50.0,-40.0,-50.0,-50.0,-50.0,-50.0,-50.0,-50.0,-50.0,-11.0,-50.0,-38.0,-40.0,-50.0,-46.0,-25.0,-18.0,-3.0,-47.0,-50.0,-50.0,-37.0,-50.0,-50.0,-28.0,-50.0,-50.0,-50.0,-36.0,-50.0,-49.0,-50.0,0.0,-48.0,-50.0,-50.0,-50.0,-50.0,-50.0,-39.0,-35.0,-50.0,-16.0,-50.0,-50.0,-41.0,-38.0,-16.0,-50.0,-50.0,-50.0,-41.0,-50.0,-50.0,-16.0,-22.0,-34.0,-25.0,-50.0,-50.0,-22.0,-50.0,-50.0,-50.0,-50.0,-50.0,-40.0,-48.0,-34.0,-50.0,-33.0,-50.0,-16.0,-50.0,-50.0,-50.0,-50.0,-50.0,-50.0,-43.0,-50.0,-50.0,-50.0,-34.0,-23.0,-50.0,-40.0
46,-48.0,-9.0,-48.0,-48.0,-44.0,-48.0,-42.0,-48.0,-44.0,-48.0,-48.0,-48.0,-40.0,-48.0,-40.0,-48.0,-48.0,-48.0,-48.0,-48.0,-48.0,-48.0,-11.0,-48.0,-38.0,-40.0,-48.0,-46.0,-25.0,-18.0,-3.0,-47.0,-48.0,-48.0,-37.0,-48.0,-48.0,-28.0,-48.0,-48.0,-48.0,-36.0,-48.0,-48.0,-48.0,-48.0,0.0,-48.0,-48.0,-48.0,-48.0,-48.0,-39.0,-35.0,-48.0,-16.0,-48.0,-48.0,-41.0,-38.0,-16.0,-48.0,-48.0,-48.0,-41.0,-48.0,-48.0,-16.0,-22.0,-34.0,-25.0,-48.0,-48.0,-22.0,-48.0,-48.0,-48.0,-48.0,-48.0,-40.0,-48.0,-34.0,-48.0,-33.0,-48.0,-16.0,-48.0,-48.0,-48.0,-48.0,-48.0,-48.0,-43.0,-48.0,-48.0,-48.0,-34.0,-23.0,-48.0,-40.0
47,-117.0,-9.0,-82.0,-93.0,-44.0,-61.0,-42.0,-60.0,-44.0,-73.0,-54.0,-117.0,-40.0,-83.0,-40.0,-84.0,-117.0,-72.0,-84.0,-66.0,-56.0,-90.0,-11.0,-93.0,-38.0,-40.0,-94.0,-46.0,-25.0,-18.0,-3.0,-47.0,-79.0,-57.0,-37.0,-57.0,-75.0,-28.0,-88.0,-117.0,-110.0,-36.0,-57.0,-49.0,-95.0,-50.0,-48.0,0.0,-67.0,-84.0,-64.0,-64.0,-39.0,-35.0,-117.0,-16.0,-117.0,-86.0,-41.0,-38.0,-16.0,-57.0,-103.0,-63.0,-41.0,-71.0,-84.0,-16.0,-22.0,-34.0,-25.0,-117.0,-72.0,-22.0,-99.0,-63.0,-117.0,-85.0,-61.0,-40.0,-48.0,-34.0,-66.0,-33.0,-117.0,-16.0,-99.0,-83.0,-51.0,-106.0,-60.0,-83.0,-43.0,-117.0,-70.0,-96.0,-34.0,-23.0,-66.0,-40.0
48,-67.0,-9.0,-67.0,-67.0,-44.0,-61.0,-42.0,-60.0,-44.0,-67.0,-54.0,-67.0,-40.0,-67.0,-40.0,-67.0,-67.0,-67.0,-67.0,-66.0,-56.0,-67.0,-11.0,-67.0,-38.0,-40.0,-67.0,-46.0,-25.0,-18.0,-3.0,-47.0,-67.0,-57.0,-37.0,-57.0,-67.0,-28.0,-67.0,-67.0,-67.0,-36.0,-57.0,-49.0,-67.0,-50.0,-48.0,-67.0,0.0,-67.0,-64.0,-64.0,-39.0,-35.0,-67.0,-16.0,-67.0,-67.0,-41.0,-38.0,-16.0,-57.0,-67.0,-63.0,-41.0,-67.0,-67.0,-16.0,-22.0,-34.0,-25.0,-67.0,-67.0,-22.0,-67.0,-63.0,-67.0,-67.0,-61.0,-40.0,-48.0,-34.0,-66.0,-33.0,-67.0,-16.0,-67.0,-67.0,-51.0,-67.0,-60.0,-67.0,-43.0,-67.0,-67.0,-67.0,-34.0,-23.0,-66.0,-40.0
49,-84.0,-9.0,-82.0,-84.0,-44.0,-61.0,-42.0,-60.0,-44.0,-73.0,-54.0,-84.0,-40.0,-83.0,-40.0,-84.0,-84.0,-72.0,-84.0,-66.0,-56.0,-84.0,-11.0,-84.0,-38.0,-40.0,-84.0,-46.0,-25.0,-18.0,-3.0,-47.0,-79.0,-57.0,-37.0,-57.0,-75.0,-28.0,-84.0,-84.0,-84.0,-36.0,-57.0,-49.0,-84.0,-50.0,-48.0,-84.0,-67.0,0.0,-64.0,-64.0,-39.0,-35.0,-84.0,-16.0,-84.0,-84.0,-41.0,-38.0,-16.0,-57.0,-84.0,-63.0,-41.0,-71.0,-84.0,-16.0,-22.0,-34.0,-25.0,-84.0,-72.0,-22.0,-84.0,-63.0,-84.0,-84.0,-61.0,-40.0,-48.0,-34.0,-66.0,-33.0,-84.0,-16.0,-84.0,-83.0,-51.0,-84.0,-60.0,-83.0,-43.0,-84.0,-70.0,-84.0,-34.0,-23.0,-66.0,-40.0
50,-64.0,-9.0,-64.0,-64.0,-44.0,-61.0,-42.0,-60.0,-44.0,-64.0,-54.0,-64.0,-40.0,-64.0,-40.0,-64.0,-64.0,-64.0,-64.0,-64.0,-56.0,-64.0,-11.0,-64.0,-38.0,-40.0,-64.0,-46.0,-25.0,-18.0,-3.0,-47.0,-64.0,-57.0,-37.0,-57.0,-64.0,-28.0,-64.0,-64.0,-64.0,-36.0,-57.0,-49.0,-64.0,-50.0,-48.0,-64.0,-64.0,-64.0,0.0,-64.0,-39.0,-35.0,-64.0,-16.0,-64.0,-64.0,-41.0,-38.0,-16.0,-57.0,-64.0,-63.0,-41.0,-64.0,-64.0,-16.0,-22.0,-34.0,-25.0,-64.0,-64.0,-22.0,-64.0,-63.0,-64.0,-64.0,-61.0,-40.0,-48.0,-34.0,-64.0,-33.0,-64.0,-16.0,-64.0,-64.0,-51.0,-64.0,-60.0,-64.0,-43.0,-64.0,-64.0,-64.0,-34.0,-23.0,-64.0,-40.0
51,-64.0,-9.0,-64.0,-64.0,-44.0,-61.0,-42.0,-60.0,-44.0,-64.0,-54.0,-64.0,-40.0,-64.0,-40.0,-64.0,-64.0,-64.0,-64.0,-64.0,-56.0,-64.0,-11.0,-64.0,-38.0,-40.0,-64.0,-46.0,-25.0,-18.0,-3.0,-47.0,-64.0,-57.0,-37.0,-57.0,-64.0,-28.0,-64.0,-64.0,-64.0,-36.0,-57.0,-49.0,-64.0,-50.0,-48.0,-64.0,-64.0,-64.0,-64.0,0.0,-39.0,-35.0,-64.0,-16.0,-64.0,-64.0,-41.0,-38.0,-16.0,-57.0,-64.0,-63.0,-41.0,-64.0,-64.0,-16.0,-22.0,-34.0,-25.0,-64.0,-64.0,-22.0,-64.0,-63.0,-64.0,-64.0,-61.0,-40.0,-48.0,-34.0,-64.0,-33.0,-64.0,-16.0,-64.0,-64.0,-51.0,-64.0,-60.0,-64.0,-43.0,-64.0,-64.0,-64.0,-34.0,-23.0,-64.0,-40.0
52,-39.0,-9.0,-39.0,-39.0,-39.0,-39.0,-39.0,-39.0,-39.0,-39.0,-39.0,-39.0,-39.0,-39.0,-39.0,-39.0,-39.0,-39.0,-39.0,-39.0,-39.0,-39.0,-11.0,-39.0,-38.0,-39.0,-39.0,-39.0,-25.0,-18.0,-3.0,-39.0,-39.0,-39.0,-37.0,-39.0,-39.0,-28.0,-39.0,-39.0,-39.0,-36.0,-39.0,-39.0,-39.0,-39.0,-39.0,-39.0,-39.0,-39.0,-39.0,-39.0,0.0,-35.0,-39.0,-16.0,-39.0,-39.0,-39.0,-38.0,-16.0,-39.0,-39.0,-39.0,-39.0,-39.0,-39.0,-16.0,-22.0,-34.0,-25.0,-39.0,-39.0,-22.0,-39.0,-39.0,-39.0,-39.0,-39.0,-39.0,-39.0,-34.0,-39.0,-33.0,-39.0,-16.0,-39.0,-39.0,-39.0,-39.0,-39.0,-39.0,-39.0,-39.0,-39.0,-39.0,-34.0,-23.0,-39.0,-39.0
53,-35.0,-9.0,-35.0,-35.0,-35.0,-35.0,-35.0,-35.0,-35.0,-35.0,-35.0,-35.0,-35.0,-35.0,-35.0,-35.0,-35.0,-35.0,-35.0,-35.0,-35.0,-35.0,-11.0,-35.0,-35.0,-35.0,-35.0,-35.0,-25.0,-18.0,-3.0,-35.0,-35.0,-35.0,-35.0,-35.0,-35.0,-28.0,-35.0,-35.0,-35.0,-35.0,-35.0,-35.0,-35.0,-35.0,-35.0,-35.0,-35.0,-35.0,-35.0,-35.0,-35.0,0.0,-35.0,-16.0,-35.0,-35.0,-35.0,-35.0,-16.0,-35.0,-35.0,-35.0,-35.0,-35.0,-35.0,-16.0,-22.0,-34.0,-25.0,-35.0,-35.0,-22.0,-35.0,-35.0,-35.0,-35.0,-35.0,-35.0,-35.0,-34.0,-35.0,-33.0,-35.0,-16.0,-35.0,-35.0,-35.0,-35.0,-35.0,-35.0,-35.0,-35.0,-35.0,-35.0,-34.0,-23.0,-35.0,-35.0
54,-125.0,-9.0,-82.0,-93.0,-44.0,-61.0,-42.0,-60.0,-44.0,-73.0,-54.0,-123.0,-40.0,-83.0,-40.0,-84.0,-117.0,-72.0,-84.0,-66.0,-56.0,-90.0,-11.0,-93.0,-38.0,-40.0,-94.0,-46.0,-25.0,-18.0,-3.0,-47.0,-79.0,-57.0,-37.0,-57.0,-75.0,-28.0,-88.0,-132.0,-110.0,-36.0,-57.0,-49.0,-95.0,-50.0,-48.0,-117.0,-67.0,-84.0,-64.0,-64.0,-39.0,-35.0,0.0,-16.0,-125.0,-86.0,-41.0,-38.0,-16.0,-57.0,-103.0,-63.0,-41.0,-71.0,-84.0,-16.0,-22.0,-34.0,-25.0,-132.0,-72.0,-22.0,-99.0,-63.0,-132.0,-85.0,-61.0,-40.0,-48.0,-34.0,-66.0,-33.0,-117.0,-16.0,-99.0,-83.0,-51.0,-106.0,-60.0,-83.0,-43.0,-131.0,-70.0,-96.0,-34.0,-23.0,-66.0,-40.0
55,-16.0,-9.0,-16.0,-16.0,-16.0,-16.0,-16.0,-16.0,-16.0,-16.0,-16.0,-16.0,-16.0,-16.0,-16.0,-16.0,-16.0,-16.0,-16.0,-16.0,-16.0,-16.0,-11.0,-16.0,-16.0,-16.0,-16.0,-16.0,-16.0,-16.0,-3.0,-16.0,-16.0,-16.0,-16.0,-16.0,-16.0,-16.0,-16.0,-16.0,-16.0,-16.0,-16.0,-16.0,-16.0,-16.0,-16.0,-16.0,-16.0,-16.0,-16.0,-16.0,-16.0,-16.0,-16.0,0.0,-16.0,-16.0,-16.0,-16.0,-16.0,-16.0,-16.0,-16.0,-16.0,-16.0,-16.0,-16.0,-16.0,-16.0,-16.0,-16.0,-16.0,-16.0,-16.0,-16.0,-16.0,-16.0,-16.0,-16.0,-16.0,-16.0,-16.0,-16.0,-16.0,-16.0,-16.0,-16.0,-16.0,-16.0,-16.0,-16.0,-16.0,-16.0,-16.0,-16.0,-16.0,-16.0,-16.0,-16.0
56,-125.0,-9.0,-82.0,-93.0,-44.0,-61.0,-42.0,-60.0,-44.0,-73.0,-54.0,-123.0,-40.0,-83.0,-40.0,-84.0,-117.0,-72.0,-84.0,-66.0,-56.0,-90.0,-11.0,-93.0,-38.0,-40.0,-94.0,-46.0,-25.0,-18.0,-3.0,-47.0,-79.0,-57.0,-37.0,-57.0,-75.0,-28.0,-88.0,-125.0,-110.0,-36.0,-57.0,-49.0,-95.0,-50.0,-48.0,-117.0,-67.0,-84.0,-64.0,-64.0,-39.0,-35.0,-125.0,-16.0,0.0,-86.0,-41.0,-38.0,-16.0,-57.0,-103.0,-63.0,-41.0,-71.0,-84.0,-16.0,-22.0,-34.0,-25.0,-125.0,-72.0,-22.0,-99.0,-63.0,-125.0,-85.0,-61.0,-40.0,-48.0,-34.0,-66.0,-33.0,-117.0,-16.0,-99.0,-83.0,-51.0,-106.0,-60.0,-83.0,-43.0,-125.0,-70.0,-96.0,-34.0,-23.0,-66.0,-40.0
57,-86.0,-9.0,-82.0,-86.0,-44.0,-61.0,-42.0,-60.0,-44.0,-73.0,-54.0,-86.0,-40.0,-83.0,-40.0,-84.0,-86.0,-72.0,-84.0,-66.0,-56.0,-86.0,-11.0,-86.0,-38.0,-40.0,-86.0,-46.0,-25.0,-18.0,-3.0,-47.0,-79.0,-57.0,-37.0,-57.0,-75.0,-28.0,-86.0,-86.0,-86.0,-36.0,-57.0,-49.0,-86.0,-50.0,-48.0,-86.0,-67.0,-84.0,-64.0,-64.0,-39.0,-35.0,-86.0,-16.0,-86.0,0.0,-41.0,-38.0,-16.0,-57.0,-86.0,-63.0,-41.0,-71.0,-84.0,-16.0,-22.0,-34.0,-25.0,-86.0,-72.0,-22.0,-86.0,-63.0,-86.0,-85.0,-61.0,-40.0,-48.0,-34.0,-66.0,-33.0,-86.0,-16.0,-86.0,-83.0,-51.0,-86.0,-60.0,-83.0,-43.0,-86.0,-70.0,-86.0,-34.0,-23.0,-66.0,-40.0
58,-41.0,-9.0,-41.0,-41.0,-41.0,-41.0,-41.0,-41.0,-41.0,-41.0,-41.0,-41.0,-40.0,-41.0,-40.0,-41.0,-41.0,-41.0,-41.0,-41.0,-41.0,-41.0,-11.0,-41.0,-38.0,-40.0,-41.0,-41.0,-25.0,-18.0,-3.0,-41.0,-41.0,-41.0,-37.0,-41.0,-41.0,-28.0,-41.0,-41.0,-41.0,-36.0,-41.0,-41.0,-41.0,-41.0,-41.0,-41.0,-41.0,-41.0,-41.0,-41.0,-39.0,-35.0,-41.0,-16.0,-41.0,-41.0,0.0,-38.0,-16.0,-41.0,-41.0,-41.0,-41.0,-41.0,-41.0,-16.0,-22.0,-34.0,-25.0,-41.0,-41.0,-22.0,-41.0,-41.0,-41.0,-41.0,-41.0,-40.0,-41.0,-34.0,-41.0,-33.0,-41.0,-16.0,-41.0,-41.0,-41.0,-41.0,-41.0,-41.0,-41.0,-41.0,-41.0,-41.0,-34.0,-23.0,-41.0,-40.0
59,-38.0,-9.0,-38.0,-38.0,-38.0,-38.0,-38.0,-38.0,-38.0,-38.0,-38.0,-38.0,-38.0,-38.0,-38.0,-38.0,-38.0,-38.0,-38.0,-38.0,-38.0,-38.0,-11.0,-38.0,-38.0,-38.0,-38.0,-38.0,-25.0,-18.0,-3.0,-38.0,-38.0,-38.0,-37.0,-38.0,-38.0,-28.0,-38.0,-38.0,-38.0,-36.0,-38.0,-38.0,-38.0,-38.0,-38.0,-38.0,-38.0,-38.0,-38.0,-38.0,-38.0,-35.0,-38.0,-16.0,-38.0,-38.0,-38.0,0.0,-16.0,-38.0,-38.0,-38.0,-38.0,-38.0,-38.0,-16.0,-22.0,-34.0,-25.0,-38.0,-38.0,-22.0,-38.0,-38.0,-38.0,-38.0,-38.0,-38.0,-38.0,-34.0,-38.0,-33.0,-38.0,-16.0,-38.0,-38.0,-38.0,-38.0,-38.0,-38.0,-38.0,-38.0,-38.0,-38.0,-34.0,-23.0,-38.0,-38.0
60,-16.0,-9.0,-16.0,-16.0,-16.0,-16.0,-16.0,-16.0,-16.0,-16.0,-16.0,-16.0,-16.0,-16.0,-16.0,-16.0,-16.0,-16.0,-16.0,-16.0,-16.0,-16.0,-11.0,-16.0,-16.0,-16.0,-16.0,-16.0,-16.0,-16.0,-3.0,-16.0,-16.0,-16.0,-16.0,-16.0,-16.0,-16.0,-16.0,-16.0,-16.0,-16.0,-16.0,-16.0,-16.0,-16.0,-16.0,-16.0,-16.0,-16.0,-16.0,-16.0,-16.0,-16.0,-16.0,-16.0,-16.0,-16.0,-16.0,-16.0,0.0,-16.0,-16.0,-16.0,-16.0,-16.0,-16.0,-16.0,-16.0,-16.0,-16.0,-16.0,-16.0,-16.0,-16.0,-16.0,-16.0,-16.0,-16.0,-16.0,-16.0,-16.0,-16.0,-16.0,-16.0,-16.0,-16.0,-16.0,-16.0,-16.0,-16.0,-16.0,-16.0,-16.0,-16.0,-16.0,-16.0,-16.0,-16.0,-16.0
61,-57.0,-9.0,-57.0,-57.0,-44.0,-57.0,-42.0,-57.0,-44.0,-57.0,-54.0,-57.0,-40.0,-57.0,-40.0,-57.0,-57.0,-57.0,-57.0,-57.0,-56.0,-57.0,-11.0,-57.0,-38.0,-40.0,-57.0,-46.0,-25.0,-18.0,-3.0,-47.0,-57.0,-57.0,-37.0,-57.0,-57.0,-28.0,-57.0,-57.0,-57.0,-36.0,-57.0,-49.0,-57.0,-50.0,-48.0,-57.0,-57.0,-57.0,-57.0,-57.0,-39.0,-35.0,-57.0,-16.0,-57.0,-57.0,-41.0,-38.0,-16.0,0.0,-57.0,-57.0,-41.0,-57.0,-57.0,-16.0,-22.0,-34.0,-25.0,-57.0,-57.0,-22.0,-57.0,-57.0,-57.0,-57.0,-57.0,-40.0,-48.0,-34.0,-57.0,-33.0,-57.0,-16.0,-57.0,-57.0,-51.0,-57.0,-57.0,-57.0,-43.0,-57.0,-57.0,-57.0,-34.0,-23.0,-57.0,-40.0
62,-103.0,-9.0,-82.0,-93.0,-44.0,-61.0,-42.0,-60.0,-44.0,-73.0,-54.0,-103.0,-40.0,-83.0,-40.0,-84.0,-103.0,-72.0,-84.0,-66.0,-56.0,-90.0,-11.0,-93.0,-38.0,-40.0,-94.0,-46.0,-25.0,-18.0,-3.0,-47.0,-79.0,-57.0,-37.0,-57.0,-75.0,-28.0,-88.0,-103.0,-103.0,-36.0,-57.0,-49.0,-95.0,-50.0,-48.0,-103.0,-67.0,-84.0,-64.0,-64.0,-39.0,-35.0,-103.0,-16.0,-103.0,-86.0,-41.0,-38.0,-16.0,-57.0,0.0,-63.0,-41.0,-71.0,-84.0,-16.0,-22.0,-34.0,-25.0,-103.0,-72.0,-22.0,-99.0,-63.0,-103.0,-85.0,-61.0,-40.0,-48.0,-34.0,-66.0,-33.0,-103.0,-16.0,-99.0,-83.0,-51.0,-103.0,-60.0,-83.0,-43.0,-103.0,-70.0,-96.0,-34.0,-23.0,-66.0,-40.0
63,-63.0,-9.0,-63.0,-63.0,-44.0,-61.0,-42.0,-60.0,-44.0,-63.0,-54.0,-63.0,-40.0,-63.0,-40.0,-63.0,-63.0,-63.0,-63.0,-63.0,-56.0,-63.0,-11.0,-63.0,-38.0,-40.0,-63.0,-46.0,-25.0,-18.0,-3.0,-47.0,-63.0,-57.0,-37.0,-57.0,-63.0,-28.0,-63.0,-63.0,-63.0,-36.0,-57.0,-49.0,-63.0,-50.0,-48.0,-63.0,-63.0,-63.0,-63.0,-63.0,-39.0,-35.0,-63.0,-16.0,-63.0,-63.0,-41.0,-38.0,-16.0,-57.0,-63.0,0.0,-41.0,-63.0,-63.0,-16.0,-22.0,-34.0,-25.0,-63.0,-63.0,-22.0,-63.0,-63.0,-63.0,-63.0,-61.0,-40.0,-48.0,-34.0,-63.0,-33.0,-63.0,-16.0,-63.0,-63.0,-51.0,-63.0,-60.0,-63.0,-43.0,-63.0,-63.0,-63.0,-34.0,-23.0,-63.0,-40.0
64,-41.0,-9.0,-41.0,-41.0,-41.0,-41.0,-41.0,-41.0,-41.0,-41.0,-41.0,-41.0,-40.0,-41.0,-40.0,-41.0,-41.0,-41.0,-41.0,-41.0,-41.0,-41.0,-11.0,-41.0,-38.0,-40.0,-41.0,-41.0,-25.0,-18.0,-3.0,-41.0,-41.0,-41.0,-37.0,-41.0,-41.0,-28.0,-41.0,-41.0,-41.0,-36.0,-41.0,-41.0,-41.0,-41.0,-41.0,-41.0,-41.0,-41.0,-41.0,-41.0,-39.0,-35.0,-41.0,-16.0,-41.0,-41.0,-41.0,-38.0,-16.0,-41.0,-41.0,-41.0,0.0,-41.0,-41.0,-16.0,-22.0,-34.0,-25.0,-41.0,-41.0,-22.0,-41.0,-41.0,-41.0,-41.0,-41.0,-40.0,-41.0,-34.0,-41.0,-33.0,-41.0,-16.0,-41.0,-41.0,-41.0,-41.0,-41.0,-41.0,-41.0,-41.0,-41.0,-41.0,-34.0,-23.0,-41.0,-40.0
65,-71.0,-9.0,-71.0,-71.0,-44.0,-61.0,-42.0,-60.0,-44.0,-71.0,-54.0,-71.0,-40.0,-71.0,-40.0,-71.0,-71.0,-71.0,-71.0,-66.0,-56.0,-71.0,-11.0,-71.0,-38.0,-40.0,-71.0,-46.0,-25.0,-18.0,-3.0,-47.0,-71.0,-57.0,-37.0,-57.0,-71.0,-28.0,-71.0,-71.0,-71.0,-36.0,-57.0,-49.0,-71.0,-50.0,-48.0,-71.0,-67.0,-71.0,-64.0,-64.0,-39.0,-35.0,-71.0,-16.0,-71.0,-71.0,-41.0,-38.0,-16.0,-57.0,-71.0,-63.0,-41.0,0.0,-71.0,-16.0,-22.0,-34.0,-25.0,-71.0,-71.0,-22.0,-71.0,-63.0,-71.0,-71.0,-61.0,-40.0,-48.0,-34.0,-66.0,-33.0,-71.0,-16.0,-71.0,-71.0,-51.0,-71.0,-60.0,-71.0,-43.0,-71.0,-70.0,-71.0,-34.0,-23.0,-66.0,-40.0
66,-84.0,-9.0,-82.0,-84.0,-44.0,-61.0,-42.0,-60.0,-44.0,-73.0,-54.0,-84.0,-40.0,-83.0,-40.0,-84.0,-84.0,-72.0,-84.0,-66.0,-56.0,-84.0,-11.0,-84.0,-38.0,-40.0,-84.0,-46.0,-25.0,-18.0,-3.0,-47.0,-79.0,-57.0,-37.0,-57.0,-75.0,-28.0,-84.0,-84.0,-84.0,-36.0,-57.0,-49.0,-84.0,-50.0,-48.0,-84.0,-67.0,-84.0,-64.0,-64.0,-39.0,-35.0,-84.0,-16.0,-84.0,-84.0,-41.0,-38.0,-16.0,-57.0,-84.0,-63.0,-41.0,-71.0,0.0,-16.0,-22.0,-34.0,-25.0,-84.0,-72.0,-22.0,-84.0,-63.0,-84.0,-84.0,-61.0,-40.0,-48.0,-34.0,-66.0,-33.0,-84.0,-16.0,-84.0,-83.0,-51.0,-84.0,-60.0,-83.0,-43.0,-84.0,-70.0,-84.0,-34.0,-23.0,-66.0,-40.0
67,-16.0,-9.0,-16.0,-16.0,-16.0,-16.0,-16.0,-16.0,-16.0,-16.0,-16.0,-16.0,-16.0,-16.0,-16.0,-16.0,-16.0,-16.0,-16.0,-16.0,-16.0,-16.0,-11.0,-16.0,-16.0,-16.0,-16.0,-16.0,-16.0,-16.0,-3.0,-16.0,-16.0,-16.0,-16.0,-16.0,-16.0,-16.0,-16.0,-16.0,-16.0,-16.0,-16.0,-16.0,-16.0,-16.0,-16.0,-16.0,-16.0,-16.0,-16.0,-16.0,-16.0,-16.0,-16.0,-16.0,-16.0,-16.0,-16.0,-16.0,-16.0,-16.0,-16.0,-16.0,-16.0,-16.0,-16.0,0.0,-16.0,-16.0,-16.0,-16.0,-16.0,-16.0,-16.0,-16.0,-16.0,-16.0,-16.0,-16.0,-16.0,-16.0,-16.0,-16.0,-16.0,-16.0,-16.0,-16.0,-16.0,-16.0,-16.0,-16.0,-16.0,-16.0,-16.0,-16.0,-16.0,-16.0,-16.0,-16.0
68,-22.0,-9.0,-22.0,-22.0,-22.0,-22.0,-22.0,-22.0,-22.0,-22.0,-22.0,-22.0,-22.0,-22.0,-22.0,-22.0,-22.0,-22.0,-22.0,-22.0,-22.0,-22.0,-11.0,-22.0,-22.0,-22.0,-22.0,-22.0,-22.0,-18.0,-3.0,-22.0,-22.0,-22.0,-22.0,-22.0,-22.0,-22.0,-22.0,-22.0,-22.0,-22.0,-22.0,-22.0,-22.0,-22.0,-22.0,-22.0,-22.0,-22.0,-22.0,-22.0,-22.0,-22.0,-22.0,-16.0,-22.0,-22.0,-22.0,-22.0,-16.0,-22.0,-22.0,-22.0,-22.0,-22.0,-22.0,-16.0,0.0,-22.0,-22.0,-22.0,-22.0,-22.0,-22.0,-22.0,-22.0,-22.0,-22.0,-22.0,-22.0,-22.0,-22.0,-22.0,-22.0,-16.0,-22.0,-22.0,-22.0,-22.0,-22.0,-22.0,-22.0,-22.0,-22.0,-22.0,-22.0,-22.0,-22.0,-22.0
69,-34.0,-9.0,-34.0,-34.0,-34.0,-34.0,-34.0,-34.0,-34.0,-34.0,-34.0,-34.0,-34.0,-34.0,-34.0,-34.0,-34.0,-34.0,-34.0,-34.0,-34.0,-34.0,-11.0,-34.0,-34.0,-34.0,-34.0,-34.0,-25.0,-18.0,-3.0,-34.0,-34.0,-34.0,-34.0,-34.0,-34.0,-28.0,-34.0,-34.0,-34.0,-34.0,-34.0,-34.0,-34.0,-34.0,-34.0,-34.0,-34.0,-34.0,-34.0,-34.0,-34.0,-34.0,-34.0,-16.0,-34.0,-34.0,-34.0,-34.0,-16.0,-34.0,-34.0,-34.0,-34.0,-34.0,-34.0,-16.0,-22.0,0.0,-25.0,-34.0,-34.0,-22.0,-34.0,-34.0,-34.0,-34.0,-34.0,-34.0,-34.0,-34.0,-34.0,-33.0,-34.0,-16.0,-34.0,-34.0,-34.0,-34.0,-34.0,-34.0,-34.0,-34.0,-34.0,-34.0,-34.0,-23.0,-34.0,-34.0
70,-25.0,-9.0,-25.0,-25.0,-25.0,-25.0,-25.0,-25.0,-25.0,-25.0,-25.0,-25.0,-25.0,-25.0,-25.0,-25.0,-25.0,-25.0,-25.0,-25.0,-25.0,-25.0,-11.0,-25.0,-25.0,-25.0,-25.0,-25.0,-25.0,-18.0,-3.0,-25.0,-25.0,-25.0,-25.0,-25.0,-25.0,-25.0,-25.0,-25.0,-25.0,-25.0,-25.0,-25.0,-25.0,-25.0,-25.0,-25.0,-25.0,-25.0,-25.0,-25.0,-25.0,-25.0,-25.0,-16.0,-25.0,-25.0,-25.0,-25.0,-16.0,-25.0,-25.0,-25.0,-25.0,-25.0,-25.0,-16.0,-22.0,-25.0,0.0,-25.0,-25.0,-22.0,-25.0,-25.0,-25.0,-25.0,-25.0,-25.0,-25.0,-25.0,-25.0,-25.0,-25.0,-16.0,-25.0,-25.0,-25.0,-25.0,-25.0,-25.0,-25.0,-25.0,-25.0,-25.0,-25.0,-23.0,-25.0,-25.0
71,-125.0,-9.0,-82.0,-93.0,-44.0,-61.0,-42.0,-60.0,-44.0,-73.0,-54.0,-123.0,-40.0,-83.0,-40.0,-84.0,-117.0,-72.0,-84.0,-66.0,-56.0,-90.0,-11.0,-93.0,-38.0,-40.0,-94.0,-46.0,-25.0,-18.0,-3.0,-47.0,-79.0,-57.0,-37.0,-57.0,-75.0,-28.0,-88.0,-160.0,-110.0,-36.0,-57.0,-49.0,-95.0,-50.0,-48.0,-117.0,-67.0,-84.0,-64.0,-64.0,-39.0,-35.0,-132.0,-16.0,-125.0,-86.0,-41.0,-38.0,-16.0,-57.0,-103.0,-63.0,-41.0,-71.0,-84.0,-16.0,-22.0,-34.0,-25.0,0.0,-72.0,-22.0,-99.0,-63.0,-182.0,-85.0,-61.0,-40.0,-48.0,-34.0,-66.0,-33.0,-117.0,-16.0,-99.0,-83.0,-51.0,-106.0,-60.0,-83.0,-43.0,-131.0,-70.0,-96.0,-34.0,-23.0,-66.0,-40.0
72,-72.0,-9.0,-72.0,-72.0,-44.0,-61.0,-42.0,-60.0,-44.0,-72.0,-54.0,-72.0,-40.0,-72.0,-40.0,-72.0,-72.0,-72.0,-72.0,-66.0,-56.0,-72.0,-11.0,-72.0,-38.0,-40.0,-72.0,-46.0,-25.0,-18.0,-3.0,-47.0,-72.0,-57.0,-37.0,-57.0,-72.0,-28.0,-72.0,-72.0,-72.0,-36.0,-57.0,-49.0,-72.0,-50.0,-48.0,-72.0,-67.0,-72.0,-64.0,-64.0,-39.0,-35.0,-72.0,-16.0,-72.0,-72.0,-41.0,-38.0,-16.0,-57.0,-72.0,-63.0,-41.0,-71.0,-72.0,-16.0,-22.0,-34.0,-25.0,-72.0,0.0,-22.0,-72.0,-63.0,-72.0,-72.0,-61.0,-40.0,-48.0,-34.0,-66.0,-33.0,-72.0,-16.0,-72.0,-72.0,-51.0,-72.0,-60.0,-72.0,-43.0,-72.0,-70.0,-72.0,-34.0,-23.0,-66.0,-40.0
73,-22.0,-9.0,-22.0,-22.0,-22.0,-22.0,-22.0,-22.0,-22.0,-22.0,-22.0,-22.0,-22.0,-22.0,-22.0,-22.0,-22.0,-22.0,-22.0,-22.0,-22.0,-22.0,-11.0,-22.0,-22.0,-22.0,-22.0,-22.0,-22.0,-18.0,-3.0,-22.0,-22.0,-22.0,-22.0,-22.0,-22.0,-22.0,-22.0,-22.0,-22.0,-22.0,-22.0,-22.0,-22.0,-22.0,-22.0,-22.0,-22.0,-22.0,-22.0,-22.0,-22.0,-22.0,-22.0,-16.0,-22.0,-22.0,-22.0,-22.0,-16.0,-22.0,-22.0,-22.0,-22.0,-22.0,-22.0,-16.0,-22.0,-22.0,-22.0,-22.0,-22.0,0.0,-22.0,-22.0,-22.0,-22.0,-22.0,-22.0,-22.0,-22.0,-22.0,-22.0,-22.0,-16.0,-22.0,-22.0,-22.0,-22.0,-22.0,-22.0,-22.0,-22.0,-22.0,-22.0,-22.0,-22.0,-22.0,-22.0
74,-99.0,-9.0,-82.0,-93.0,-44.0,-61.0,-42.0,-60.0,-44.0,-73.0,-54.0,-99.0,-40.0,-83.0,-40.0,-84.0,-99.0,-72.0,-84.0,-66.0,-56.0,-90.0,-11.0,-93.0,-38.0,-40.0,-94.0,-46.0,-25.0,-18.0,-3.0,-47.0,-79.0,-57.0,-37.0,-57.0,-75.0,-28.0,-88.0,-99.0,-99.0,-36.0,-57.0,-49.0,-95.0,-50.0,-48.0,-99.0,-67.0,-84.0,-64.0,-64.0,-39.0,-35.0,-99.0,-16.0,-99.0,-86.0,-41.0,-38.0,-16.0,-57.0,-99.0,-63.0,-41.0,-71.0,-84.0,-16.0,-22.0,-34.0,-25.0,-99.0,-72.0,-22.0,0.0,-63.0,-99.0,-85.0,-61.0,-40.0,-48.0,-34.0,-66.0,-33.0,-99.0,-16.0,-99.0,-83.0,-51.0,-99.0,-60.0,-83.0,-43.0,-99.0,-70.0,-96.0,-34.0,-23.0,-66.0,-40.0
75,-63.0,-9.0,-63.0,-63.0,-44.0,-61.0,-42.0,-60.0,-44.0,-63.0,-54.0,-63.0,-40.0,-63.0,-40.0,-63.0,-63.0,-63.0,-63.0,-63.0,-56.0,-63.0,-11.0,-63.0,-38.0,-40.0,-63.0,-46.0,-25.0,-18.0,-3.0,-47.0,-63.0,-57.0,-37.0,-57.0,-63.0,-28.0,-63.0,-63.0,-63.0,-36.0,-57.0,-49.0,-63.0,-50.0,-48.0,-63.0,-63.0,-63.0,-63.0,-63.0,-39.0,-35.0,-63.0,-16.0,-63.0,-63.0,-41.0,-38.0,-16.0,-57.0,-63.0,-63.0,-41.0,-63.0,-63.0,-16.0,-22.0,-34.0,-25.0,-63.0,-63.0,-22.0,-63.0,0.0,-63.0,-63.0,-61.0,-40.0,-48.0,-34.0,-63.0,-33.0,-63.0,-16.0,-63.0,-63.0,-51.0,-63.0,-60.0,-63.0,-43.0,-63.0,-63.0,-63.0,-34.0,-23.0,-63.0,-40.0
76,-125.0,-9.0,-82.0,-93.0,-44.0,-61.0,-42.0,-60.0,-44.0,-73.0,-54.0,-123.0,-40.0,-83.0,-40.0,-84.0,-117.0,-72.0,-84.0,-66.0,-56.0,-90.0,-11.0,-93.0,-38.0,-40.0,-94.0,-46.0,-25.0,-18.0,-3.0,-47.0,-79.0,-57.0,-37.0,-57.0,-75.0,-28.0,-88.0,-160.0,-110.0,-36.0,-57.0,-49.0,-95.0,-50.0,-48.0,-117.0,-67.0,-84.0,-64.0,-64.0,-39.0,-35.0,-132.0,-16.0,-125.0,-86.0,-41.0,-38.0,-16.0,-57.0,-103.0,-63.0,-41.0,-71.0,-84.0,-16.0,-22.0,-34.0,-25.0,-182.0,-72.0,-22.0,-99.0,-63.0,0.0,-85.0,-61.0,-40.0,-48.0,-34.0,-66.0,-33.0,-117.0,-16.0,-99.0,-83.0,-51.0,-106.0,-60.0,-83.0,-43.0,-131.0,-70.0,-96.0,-34.0,-23.0,-66.0,-40.0
77,-85.0,-9.0,-82.0,-85.0,-44.0,-61.0,-42.0,-60.0,-44.0,-73.0,-54.0,-85.0,-40.0,-83.0,-40.0,-84.0,-85.0,-72.0,-84.0,-66.0,-56.0,-85.0,-11.0,-85.0,-38.0,-40.0,-85.0,-46.0,-25.0,-18.0,-3.0,-47.0,-79.0,-57.0,-37.0,-57.0,-75.0,-28.0,-85.0,-85.0,-85.0,-36.0,-57.0,-49.0,-85.0,-50.0,-48.0,-85.0,-67.0,-84.0,-64.0,-64.0,-39.0,-35.0,-85.0,-16.0,-85.0,-85.0,-41.0,-38.0,-16.0,-57.0,-85.0,-63.0,-41.0,-71.0,-84.0,-16.0,-22.0,-34.0,-25.0,-85.0,-72.0,-22.0,-85.0,-63.0,-85.0,0.0,-61.0,-40.0,-48.0,-34.0,-66.0,-33.0,-85.0,-16.0,-85.0,-83.0,-51.0,-85.0,-60.0,-83.0,-43.0,-85.0,-70.0,-85.0,-34.0,-23.0,-66.0,-40.0
78,-61.0,-9.0,-61.0,-61.0,-44.0,-61.0,-42.0,-60.0,-44.0,-61.0,-54.0,-61.0,-40.0,-61.0,-40.0,-61.0,-61.0,-61.0,-61.0,-61.0,-56.0,-61.0,-11.0,-61.0,-38.0,-40.0,-61.0,-46.0,-25.0,-18.0,-3.0,-47.0,-61.0,-57.0,-37.0,-57.0,-61.0,-28.0,-61.0,-61.0,-61.0,-36.0,-57.0,-49.0,-61.0,-50.0,-48.0,-61.0,-61.0,-61.0,-61.0,-61.0,-39.0,-35.0,-61.0,-16.0,-61.0,-61.0,-41.0,-38.0,-16.0,-57.0,-61.0,-61.0,-41.0,-61.0,-61.0,-16.0,-22.0,-34.0,-25.0,-61.0,-61.0,-22.0,-61.0,-61.0,-61.0,-61.0,0.0,-40.0,-48.0,-34.0,-61.0,-33.0,-61.0,-16.0,-61.0,-61.0,-51.0,-61.0,-60.0,-61.0,-43.0,-61.0,-61.0,-61.0,-34.0,-23.0,-61.0,-40.0
79,-40.0,-9.0,-40.0,-40.0,-40.0,-40.0,-40.0,-40.0,-40.0,-40.0,-40.0,-40.0,-40.0,-40.0,-40.0,-40.0,-40.0,-40.0,-40.0,-40.0,-40.0,-40.0,-11.0,-40.0,-38.0,-40.0,-40.0,-40.0,-25.0,-18.0,-3.0,-40.0,-40.0,-40.0,-37.0,-40.0,-40.0,-28.0,-40.0,-40.0,-40.0,-36.0,-40.0,-40.0,-40.0,-40.0,-40.0,-40.0,-40.0,-40.0,-40.0,-40.0,-39.0,-35.0,-40.0,-16.0,-40.0,-40.0,-40.0,-38.0,-16.0,-40.0,-40.0,-40.0,-40.0,-40.0,-40.0,-16.0,-22.0,-34.0,-25.0,-40.0,-40.0,-22.0,-40.0,-40.0,-40.0,-40.0,-40.0,0.0,-40.0,-34.0,-40.0,-33.0,-40.0,-16.0,-40.0,-40.0,-40.0,-40.0,-40.0,-40.0,-40.0,-40.0,-40.0,-40.0,-34.0,-23.0,-40.0,-40.0
80,-48.0,-9.0,-48.0,-48.0,-44.0,-48.0,-42.0,-48.0,-44.0,-48.0,-48.0,-48.0,-40.0,-48.0,-40.0,-48.0,-48.0,-48.0,-48.0,-48.0,-48.0,-48.0,-11.0,-48.0,-38.0,-40.0,-48.0,-46.0,-25.0,-18.0,-3.0,-47.0,-48.0,-48.0,-37.0,-48.0,-48.0,-28.0,-48.0,-48.0,-48.0,-36.0,-48.0,-48.0,-48.0,-48.0,-48.0,-48.0,-48.0,-48.0,-48.0,-48.0,-39.0,-35.0,-48.0,-16.0,-48.0,-48.0,-41.0,-38.0,-16.0,-48.0,-48.0,-48.0,-41.0,-48.0,-48.0,-16.0,-22.0,-34.0,-25.0,-48.0,-48.0,-22.0,-48.0,-48.0,-48.0,-48.0,-48.0,-40.0,0.0,-34.0,-48.0,-33.0,-48.0,-16.0,-48.0,-48.0,-48.0,-48.0,-48.0,-48.0,-43.0,-48.0,-48.0,-48.0,-34.0,-23.0,-48.0,-40.0
81,-34.0,-9.0,-34.0,-34.0,-34.0,-34.0,-34.0,-34.0,-34.0,-34.0,-34.0,-34.0,-34.0,-34.0,-34.0,-34.0,-34.0,-34.0,-34.0,-34.0,-34.0,-34.0,-11.0,-34.0,-34.0,-34.0,-34.0,-34.0,-25.0,-18.0,-3.0,-34.0,-34.0,-34.0,-34.0,-34.0,-34.0,-28.0,-34.0,-34.0,-34.0,-34.0,-34.0,-34.0,-34.0,-34.0,-34.0,-34.0,-34.0,-34.0,-34.0,-34.0,-34.0,-34.0,-34.0,-16.0,-34.0,-34.0,-34.0,-34.0,-16.0,-34.0,-34.0,-34.0,-34.0,-34.0,-34.0,-16.0,-22.0,-34.0,-25.0,-34.0,-34.0,-22.0,-34.0,-34.0,-34.0,-34.0,-34.0,-34.0,-34.0,0.0,-34.0,-33.0,-34.0,-16.0,-34.0,-34.0,-34.0,-34.0,-34.0,-34.0,-34.0,-34.0,-34.0,-34.0,-34.0,-23.0,-34.0,-34.0
82,-66.0,-9.0,-66.0,-66.0,-44.0,-61.0,-42.0,-60.0,-44.0,-66.0,-54.0,-66.0,-40.0,-66.0,-40.0,-66.0,-66.0,-66.0,-66.0,-66.0,-56.0,-66.0,-11.0,-66.0,-38.0,-40.0,-66.0,-46.0,-25.0,-18.0,-3.0,-47.0,-66.0,-57.0,-37.0,-57.0,-66.0,-28.0,-66.0,-66.0,-66.0,-36.0,-57.0,-49.0,-66.0,-50.0,-48.0,-66.0,-66.0,-66.0,-64.0,-64.0,-39.0,-35.0,-66.0,-16.0,-66.0,-66.0,-41.0,-38.0,-16.0,-57.0,-66.0,-63.0,-41.0,-66.0,-66.0,-16.0,-22.0,-34.0,-25.0,-66.0,-66.0,-22.0,-66.0,-63.0,-66.0,-66.0,-61.0,-40.0,-48.0,-34.0,0.0,-33.0,-66.0,-16.0,-66.0,-66.0,-51.0,-66.0,-60.0,-66.0,-43.0,-66.0,-66.0,-66.0,-34.0,-23.0,-66.0,-40.0
83,-33.0,-9.0,-33.0,-33.0,-33.0,-33.0,-33.0,-33.0,-33.0,-33.0,-33.0,-33.0,-33.0,-33.0,-33.0,-33.0,-33.0,-33.0,-33.0,-33.0,-33.0,-33.0,-11.0,-33.0,-33.0,-33.0,-33.0,-33.0,-25.0,-18.0,-3.0,-33.0,-33.0,-33.0,-33.0,-33.0,-33.0,-28.0,-33.0,-33.0,-33.0,-33.0,-33.0,-33.0,-33.0,-33.0,-33.0,-33.0,-33.0,-33.0,-33.0,-33.0,-33.0,-33.0,-33.0,-16.0,-33.0,-33.0,-33.0,-33.0,-16.0,-33.0,-33.0,-33.0,-33.0,-33.0,-33.0,-16.0,-22.0,-33.0,-25.0,-33.0,-33.0,-22.0,-33.0,-33.0,-33.0,-33.0,-33.0,-33.0,-33.0,-33.0,-33.0,0.0,-33.0,-16.0,-33.0,-33.0,-33.0,-33.0,-33.0,-33.0,-33.0,-33.0,-33.0,-33.0,-33.0,-23.0,-33.0,-33.0
84,-117.0,-9.0,-82.0,-93.0,-44.0,-61.0,-42.0,-60.0,-44.0,-73.0,-54.0,-117.0,-40.0,-83.0,-40.0,-84.0,-117.0,-72.0,-84.0,-66.0,-56.0,-90.0,-11.0,-93.0,-38.0,-40.0,-94.0,-46.0,-25.0,-18.0,-3.0,-47.0,-79.0,-57.0,-37.0,-57.0,-75.0,-28.0,-88.0,-117.0,-110.0,-36.0,-57.0,-49.0,-95.0,-50.0,-48.0,-117.0,-67.0,-84.0,-64.0,-64.0,-39.0,-35.0,-117.0,-16.0,-117.0,-86.0,-41.0,-38.0,-16.0,-57.0,-103.0,-63.0,-41.0,-71.0,-84.0,-16.0,-22.0,-34.0,-25.0,-117.0,-72.0,-22.0,-99.0,-63.0,-117.0,-85.0,-61.0,-40.0,-48.0,-34.0,-66.0,-33.0,0.0,-16.0,-99.0,-83.0,-51.0,-106.0,-60.0,-83.0,-43.0,-117.0,-70.0,-96.0,-34.0,-23.0,-66.0,-40.0
85,-16.0,-9.0,-16.0,-16.0,-16.0,-16.0,-16.0,-16.0,-16.0,-16.0,-16.0,-16.0,-16.0,-16.0,-16.0,-16.0,-16.0,-16.0,-16.0,-16.0,-16.0,-16.0,-11.0,-16.0,-16.0,-16.0,-16.0,-16.0,-16.0,-16.0,-3.0,-16.0,-16.0,-16.0,-16.0,-16.0,-16.0,-16.0,-16.0,-16.0,-16.0,-16.0,-16.0,-16.0,-16.0,-16.0,-16.0,-16.0,-16.0,-16.0,-16.0,-16.0,-16.0,-16.0,-16.0,-16.0,-16.0,-16.0,-16.0,-16.0,-16.0,-16.0,-16.0,-16.0,-16.0,-16.0,-16.0,-16.0,-16.0,-16.0,-16.0,-16.0,-16.0,-16.0,-16.0,-16.0,-16.0,-16.0,-16.0,-16.0,-16.0,-16.0,-16.0,-16.0,-16.0,0.0,-16.0,-16.0,-16.0,-16.0,-16.0,-16.0,-16.0,-16.0,-16.0,-16.0,-16.0,-16.0,-16.0,-16.0
86,-99.0,-9.0,-82.0,-93.0,-44.0,-61.0,-42.0,-60.0,-44.0,-73.0,-54.0,-99.0,-40.0,-83.0,-40.0,-84.0,-99.0,-72.0,-84.0,-66.0,-56.0,-90.0,-11.0,-93.0,-38.0,-40.0,-94.0,-46.0,-25.0,-18.0,-3.0,-47.0,-79.0,-57.0,-37.0,-57.0,-75.0,-28.0,-88.0,-99.0,-99.0,-36.0,-57.0,-49.0,-95.0,-50.0,-48.0,-99.0,-67.0,-84.0,-64.0,-64.0,-39.0,-35.0,-99.0,-16.0,-99.0,-86.0,-41.0,-38.0,-16.0,-57.0,-99.0,-63.0,-41.0,-71.0,-84.0,-16.0,-22.0,-34.0,-25.0,-99.0,-72.0,-22.0,-99.0,-63.0,-99.0,-85.0,-61.0,-40.0,-48.0,-34.0,-66.0,-33.0,-99.0,-16.0,0.0,-83.0,-51.0,-99.0,-60.0,-83.0,-43.0,-99.0,-70.0,-96.0,-34.0,-23.0,-66.0,-40.0
87,-83.0,-9.0,-82.0,-83.0,-44.0,-61.0,-42.0,-60.0,-44.0,-73.0,-54.0,-83.0,-40.0,-83.0,-40.0,-83.0,-83.0,-72.0,-83.0,-66.0,-56.0,-83.0,-11.0,-83.0,-38.0,-40.0,-83.0,-46.0,-25.0,-18.0,-3.0,-47.0,-79.0,-57.0,-37.0,-57.0,-75.0,-28.0,-83.0,-83.0,-83.0,-36.0,-57.0,-49.0,-83.0,-50.0,-48.0,-83.0,-67.0,-83.0,-64.0,-64.0,-39.0,-35.0,-83.0,-16.0,-83.0,-83.0,-41.0,-38.0,-16.0,-57.0,-83.0,-63.0,-41.0,-71.0,-83.0,-16.0,-22.0,-34.0,-25.0,-83.0,-72.0,-22.0,-83.0,-63.0,-83.0,-83.0,-61.0,-40.0,-48.0,-34.0,-66.0,-33.0,-83.0,-16.0,-83.0,0.0,-51.0,-83.0,-60.0,-83.0,-43.0,-83.0,-70.0,-83.0,-34.0,-23.0,-66.0,-40.0
88,-51.0,-9.0,-51.0,-51.0,-44.0,-51.0,-42.0,-51.0,-44.0,-51.0,-51.0,-51.0,-40.0,-51.0,-40.0,-51.0,-51.0,-51.0,-51.0,-51.0,-51.0,-51.0,-11.0,-51.0,-38.0,-40.0,-51.0,-46.0,-25.0,-18.0,-3.0,-47.0,-51.0,-51.0,-37.0,-51.0,-51.0,-28.0,-51.0,-51.0,-51.0,-36.0,-51.0,-49.0,-51.0,-50.0,-48.0,-51.0,-51.0,-51.0,-51.0,-51.0,-39.0,-35.0,-51.0,-16.0,-51.0,-51.0,-41.0,-38.0,-16.0,-51.0,-51.0,-51.0,-41.0,-51.0,-51.0,-16.0,-22.0,-34.0,-25.0,-51.0,-51.0,-22.0,-51.0,-51.0,-51.0,-51.0,-51.0,-40.0,-48.0,-34.0,-51.0,-33.0,-51.0,-16.0,-51.0,-51.0,0.0,-51.0,-51.0,-51.0,-43.0,-51.0,-51.0,-51.0,-34.0,-23.0,-51.0,-40.0
89,-106.0,-9.0,-82.0,-93.0,-44.0,-61.0,-42.0,-60.0,-44.0,-73.0,-54.0,-106.0,-40.0,-83.0,-40.0,-84.0,-106.0,-72.0,-84.0,-66.0,-56.0,-90.0,-11.0,-93.0,-38.0,-40.0,-94.0,-46.0,-25.0,-18.0,-3.0,-47.0,-79.0,-57.0,-37.0,-57.0,-75.0,-28.0,-88.0,-106.0,-106.0,-36.0,-57.0,-49.0,-95.0,-50.0,-48.0,-106.0,-67.0,-84.0,-64.0,-64.0,-39.0,-35.0,-106.0,-16.0,-106.0,-86.0,-41.0,-38.0,-16.0,-57.0,-103.0,-63.0,-41.0,-71.0,-84.0,-16.0,-22.0,-34.0,-25.0,-106.0,-72.0,-22.0,-99.0,-63.0,-106.0,-85.0,-61.0,-40.0,-48.0,-34.0,-66.0,-33.0,-106.0,-16.0,-99.0,-83.0,-51.0,0.0,-60.0,-83.0,-43.0,-106.0,-70.0,-96.0,-34.0,-23.0,-66.0,-40.0
90,-60.0,-9.0,-60.0,-60.0,-44.0,-60.0,-42.0,-60.0,-44.0,-60.0,-54.0,-60.0,-40.0,-60.0,-40.0,-60.0,-60.0,-60.0,-60.0,-60.0,-56.0,-60.0,-11.0,-60.0,-38.0,-40.0,-60.0,-46.0,-25.0,-18.0,-3.0,-47.0,-60.0,-57.0,-37.0,-57.0,-60.0,-28.0,-60.0,-60.0,-60.0,-36.0,-57.0,-49.0,-60.0,-50.0,-48.0,-60.0,-60.0,-60.0,-60.0,-60.0,-39.0,-35.0,-60.0,-16.0,-60.0,-60.0,-41.0,-38.0,-16.0,-57.0,-60.0,-60.0,-41.0,-60.0,-60.0,-16.0,-22.0,-34.0,-25.0,-60.0,-60.0,-22.0,-60.0,-60.0,-60.0,-60.0,-60.0,-40.0,-48.0,-34.0,-60.0,-33.0,-60.0,-16.0,-60.0,-60.0,-51.0,-60.0,0.0,-60.0,-43.0,-60.0,-60.0,-60.0,-34.0,-23.0,-60.0,-40.0
91,-83.0,-9.0,-82.0,-83.0,-44.0,-61.0,-42.0,-60.0,-44.0,-73.0,-54.0,-83.0,-40.0,-83.0,-40.0,-83.0,-83.0,-72.0,-83.0,-66.0,-56.0,-83.0,-11.0,-83.0,-38.0,-40.0,-83.0,-46.0,-25.0,-18.0,-3.0,-47.0,-79.0,-57.0,-37.0,-57.0,-75.0,-28.0,-83.0,-83.0,-83.0,-36.0,-57.0,-49.0,-83.0,-50.0,-48.0,-83.0,-67.0,-83.0,-64.0,-64.0,-39.0,-35.0,-83.0,-16.0,-83.0,-83.0,-41.0,-38.0,-16.0,-57.0,-83.0,-63.0,-41.0,-71.0,-83.0,-16.0,-22.0,-34.0,-25.0,-83.0,-72.0,-22.0,-83.0,-63.0,-83.0,-83.0,-61.0,-40.0,-48.0,-34.0,-66.0,-33.0,-83.0,-16.0,-83.0,-83.0,-51.0,-83.0,-60.0,0.0,-43.0,-83.0,-70.0,-83.0,-34.0,-23.0,-66.0,-40.0
92,-43.0,-9.0,-43.0,-43.0,-43.0,-43.0,-42.0,-43.0,-43.0,-43.0,-43.0,-43.0,-40.0,-43.0,-40.0,-43.0,-43.0,-43.0,-43.0,-43.0,-43.0,-43.0,-11.0,-43.0,-38.0,-40.0,-43.0,-43.0,-25.0,-18.0,-3.0,-43.0,-43.0,-43.0,-37.0,-43.0,-43.0,-28.0,-43.0,-43.0,-43.0,-36.0,-43.0,-43.0,-43.0,-43.0,-43.0,-43.0,-43.0,-43.0,-43.0,-43.0,-39.0,-35.0,-43.0,-16.0,-43.0,-43.0,-41.0,-38.0,-16.0,-43.0,-43.0,-43.0,-41.0,-43.0,-43.0,-16.0,-22.0,-34.0,-25.0,-43.0,-43.0,-22.0,-43.0,-43.0,-43.0,-43.0,-43.0,-40.0,-43.0,-34.0,-43.0,-33.0,-43.0,-16.0,-43.0,-43.0,-43.0,-43.0,-43.0,-43.0,0.0,-43.0,-43.0,-43.0,-34.0,-23.0,-43.0,-40.0
93,-125.0,-9.0,-82.0,-93.0,-44.0,-61.0,-42.0,-60.0,-44.0,-73.0,-54.0,-123.0,-40.0,-83.0,-40.0,-84.0,-117.0,-72.0,-84.0,-66.0,-56.0,-90.0,-11.0,-93.0,-38.0,-40.0,-94.0,-46.0,-25.0,-18.0,-3.0,-47.0,-79.0,-57.0,-37.0,-57.0,-75.0,-28.0,-88.0,-131.0,-110.0,-36.0,-57.0,-49.0,-95.0,-50.0,-48.0,-117.0,-67.0,-84.0,-64.0,-64.0,-39.0,-35.0,-131.0,-16.0,-125.0,-86.0,-41.0,-38.0,-16.0,-57.0,-103.0,-63.0,-41.0,-71.0,-84.0,-16.0,-22.0,-34.0,-25.0,-131.0,-72.0,-22.0,-99.0,-63.0,-131.0,-85.0,-61.0,-40.0,-48.0,-34.0,-66.0,-33.0,-117.0,-16.0,-99.0,-83.0,-51.0,-106.0,-60.0,-83.0,-43.0,0.0,-70.0,-96.0,-34.0,-23.0,-66.0,-40.0
94,-70.0,-9.0,-70.0,-70.0,-44.0,-61.0,-42.0,-60.0,-44.0,-70.0,-54.0,-70.0,-40.0,-70.0,-40.0,-70.0,-70.0,-70.0,-70.0,-66.0,-56.0,-70.0,-11.0,-70.0,-38.0,-40.0,-70.0,-46.0,-25.0,-18.0,-3.0,-47.0,-70.0,-57.0,-37.0,-57.0,-70.0,-28.0,-70.0,-70.0,-70.0,-36.0,-57.0,-49.0,-70.0,-50.0,-48.0,-70.0,-67.0,-70.0,-64.0,-64.0,-39.0,-35.0,-70.0,-16.0,-70.0,-70.0,-41.0,-38.0,-16.0,-57.0,-70.0,-63.0,-41.0,-70.0,-70.0,-16.0,-22.0,-34.0,-25.0,-70.0,-70.0,-22.0,-70.0,-63.0,-70.0,-70.0,-61.0,-40.0,-48.0,-34.0,-66.0,-33.0,-70.0,-16.0,-70.0,-70.0,-51.0,-70.0,-60.0,-70.0,-43.0,-70.0,0.0,-70.0,-34.0,-23.0,-66.0,-40.0
95,-96.0,-9.0,-82.0,-93.0,-44.0,-61.0,-42.0,-60.0,-44.0,-73.0,-54.0,-96.0,-40.0,-83.0,-40.0,-84.0,-96.0,-72.0,-84.0,-66.0,-56.0,-90.0,-11.0,-93.0,-38.0,-40.0,-94.0,-46.0,-25.0,-18.0,-3.0,-47.0,-79.0,-57.0,-37.0,-57.0,-75.0,-28.0,-88.0,-96.0,-96.0,-36.0,-57.0,-49.0,-95.0,-50.0,-48.0,-96.0,-67.0,-84.0,-64.0,-64.0,-39.0,-35.0,-96.0,-16.0,-96.0,-86.0,-41.0,-38.0,-16.0,-57.0,-96.0,-63.0,-41.0,-71.0,-84.0,-16.0,-22.0,-34.0,-25.0,-96.0,-72.0,-22.0,-96.0,-63.0,-96.0,-85.0,-61.0,-40.0,-48.0,-34.0,-66.0,-33.0,-96.0,-16.0,-96.0,-83.0,-51.0,-96.0,-60.0,-83.0,-43.0,-96.0,-70.0,0.0,-34.0,-23.0,-66.0,-40.0
96,-34.0,-9.0,-34.0,-34.0,-34.0,-34.0,-34.0,-34.0,-34.0,-34.0,-34.0,-34.0,-34.0,-34.0,-34.0,-34.0,-34.0,-34.0,-34.0,-34.0,-34.0,-34.0,-11.0,-34.0,-34.0,-34.0,-34.0,-34.0,-25.0,-18.0,-3.0,-34.0,-34.0,-34.0,-34.0,-34.0,-34.0,-28.0,-34.0,-34.0,-34.0,-34.0,-34.0,-34.0,-34.0,-34.0,-34.0,-34.0,-34.0,-34.0,-34.0,-34.0,-34.0,-34.0,-34.0,-16.0,-34.0,-34.0,-34.0,-34.0,-16.0,-34.0,-34.0,-34.0,-34.0,-34.0,-34.0,-16.0,-22.0,-34.0,-25.0,-34.0,-34.0,-22.0,-34.0,-34.0,-34.0,-34.0,-34.0,-34.0,-34.0,-34.0,-34.0,-33.0,-34.0,-16.0,-34.0,-34.0,-34.0,-34.0,-34.0,-34.0,-34.0,-34.0,-34.0,-34.0,0.0,-23.0,-34.0,-34.0
97,-23.0,-9.0,-23.0,-23.0,-23.0,-23.0,-23.0,-23.0,-23.0,-23.0,-23.0,-23.0,-23.0,-23.0,-23.0,-23.0,-23.0,-23.0,-23.0,-23.0,-23.0,-23.0,-11.0,-23.0,-23.0,-23.0,-23.0,-23.0,-23.0,-18.0,-3.0,-23.0,-23.0,-23.0,-23.0,-23.0,-23.0,-23.0,-23.0,-23.0,-23.0,-23.0,-23.0,-23.0,-23.0,-23.0,-23.0,-23.0,-23.0,-23.0,-23.0,-23.0,-23.0,-23.0,-23.0,-16.0,-23.0,-23.0,-23.0,-23.0,-16.0,-23.0,-23.0,-23.0,-23.0,-23.0,-23.0,-16.0,-22.0,-23.0,-23.0,-23.0,-23.0,-22.0,-23.0,-23.0,-23.0,-23.0,-23.0,-23.0,-23.0,-23.0,-23.0,-23.0,-23.0,-16.0,-23.0,-23.0,-23.0,-23.0,-23.0,-23.0,-23.0,-23.0,-23.0,-23.0,-23.0,0.0,-23.0,-23.0
98,-66.0,-9.0,-66.0,-66.0,-44.0,-61.0,-42.0,-60.0,-44.0,-66.0,-54.0,-66.0,-40.0,-66.0,-40.0,-66.0,-66.0,-66.0,-66.0,-66.0,-56.0,-66.0,-11.0,-66.0,-38.0,-40.0,-66.0,-46.0,-25.0,-18.0,-3.0,-47.0,-66.0,-57.0,-37.0,-57.0,-66.0,-28.0,-66.0,-66.0,-66.0,-36.0,-57.0,-49.0,-66.0,-50.0,-48.0,-66.0,-66.0,-66.0,-64.0,-64.0,-39.0,-35.0,-66.0,-16.0,-66.0,-66.0,-41.0,-38.0,-16.0,-57.0,-66.0,-63.0,-41.0,-66.0,-66.0,-16.0,-22.0,-34.0,-25.0,-66.0,-66.0,-22.0,-66.0,-63.0,-66.0,-66.0,-61.0,-40.0,-48.0,-34.0,-66.0,-33.0,-66.0,-16.0,-66.0,-66.0,-51.0,-66.0,-60.0,-66.0,-43.0,-66.0,-66.0,-66.0,-34.0,-23.0,0.0,-40.0
99,-40.0,-9.0,-40.0,-40.0,-40.0,-40.0,-40.0,-40.0,-40.0,-40.0,-40.0,-40.0,-40.0,-40.0,-40.0,-40.0,-40.0,-40.0,-40.0,-40.0,-40.0,-40.0,-11.0,-40.0,-38.0,-40.0,-40.0,-40.0,-25.0,-18.0,-3.0,-40.0,-40.0,-40.0,-37.0,-40.0,-40.0,-28.0,-40.0,-40.0,-40.0,-36.0,-40.0,-40.0,-40.0,-40.0,-40.0,-40.0,-40.0,-40.0,-40.0,-40.0,-39.0,-35.0,-40.0,-16.0,-40.0,-40.0,-40.0,-38.0,-16.0,-40.0,-40.0,-40.0,-40.0,-40.0,-40.0,-16.0,-22.0,-34.0,-25.0,-40.0,-40.0,-22.0,-40.0,-40.0,-40.0,-40.0,-40.0,-40.0,-40.0,-34.0,-40.0,-33.0,-40.0,-16.0,-40.0,-40.0,-40.0,-40.0,-40.0,-40.0,-40.0,-40.0,-40.0,-40.0,-34.0,-23.0,-40.0,0.0
